{"stats":{"minecraft:killed_by":{"minecraft:zombie_villager":5,"minecraft:player":1,"minecraft:creeper":1,"minecraft:skeleton":1,"minecraft:witch":1,"minecraft:zombie":4},"minecraft:dropped":{"minecraft:soul_sand":1,"minecraft:moss_block":22,"minecraft:lapis_lazuli":39,"minecraft:oak_log":23,"minecraft:baked_potato":17,"minecraft:diamond":13,"minecraft:dripstone_block":11,"minecraft:cobblestone":39,"minecraft:amethyst_block":6,"minecraft:granite":15,"minecraft:coal":9,"minecraft:golden_apple":1,"minecraft:emerald":6,"minecraft:dirt":42,"minecraft:diorite":6,"minecraft:gold_nugget":16,"minecraft:mud":21,"minecraft:spruce_sapling":2,"minecraft:redstone":29,"minecraft:blackstone":6,"minecraft:ancient_debris":1,"minecraft:polished_diorite_slab":58,"minecraft:cobbled_deepslate":10,"minecraft:wheat":4,"minecraft:clay_ball":20,"minecraft:glowstone_dust":29,"minecraft:spruce_boat":1,"minecraft:diamond_pickaxe":1,"minecraft:andesite":6,"minecraft:wooden_pickaxe":4,"minecraft:raw_gold":5,"minecraft:quartz":2,"minecraft:netherrack":2},"minecraft:used":{"minecraft:oak_trapdoor":22,"minecraft:cherry_sapling":7,"minecraft:iron_shovel":64,"minecraft:spruce_slab":264,"minecraft:spruce_planks":143,"minecraft:iron_sword":79,"minecraft:wooden_shovel":58,"minecraft:trial_key":1,"minecraft:stone_hoe":73,"minecraft:netherrack":15,"minecraft:torch":43,"minecraft:dirt":115,"minecraft:carrot":38,"minecraft:acacia_sapling":4,"minecraft:tuff":45,"minecraft:granite":101,"minecraft:oak_fence_gate":1,"minecraft:obsidian":8,"minecraft:spruce_boat":1,"minecraft:wooden_axe":13,"minecraft:iron_axe":797,"minecraft:cherry_trapdoor":52,"minecraft:golden_carrot":2,"minecraft:bow":13,"minecraft:oak_sapling":3,"minecraft:furnace":2,"minecraft:potato":228,"minecraft:cobbled_deepslate":84,"minecraft:wheat_seeds":226,"minecraft:water_bucket":2,"minecraft:diorite":15,"minecraft:baked_potato":29,"minecraft:oak_planks":195,"minecraft:stone_pickaxe":351,"minecraft:brown_mushroom":1,"minecraft:wooden_pickaxe":20,"minecraft:blackstone":8,"minecraft:diamond_axe":248,"minecraft:cherry_planks":2,"minecraft:composter":1,"minecraft:cobblestone_slab":1,"minecraft:oak_slab":489,"minecraft:crafting_table":2,"minecraft:white_bed":1,"minecraft:spruce_log":30,"minecraft:oak_log":1,"minecraft:diamond_pickaxe":994,"minecraft:diamond_shovel":3,"minecraft:iron_pickaxe":501,"minecraft:spruce_trapdoor":60,"minecraft:gravel":4,"minecraft:spruce_sapling":56,"minecraft:stone_axe":84,"minecraft:diamond_sword":167,"minecraft:cobblestone":1,"minecraft:andesite":66,"minecraft:bucket":2,"minecraft:golden_pickaxe":19,"minecraft:bone_meal":289,"minecraft:oak_fence":34},"minecraft:crafted":{"minecraft:golden_carrot":5,"minecraft:cherry_planks":216,"minecraft:oak_planks":556,"minecraft:furnace":2,"minecraft:cherry_sapling":1,"minecraft:bone_meal":360,"minecraft:diamond_shovel":12,"minecraft:oak_trapdoor":22,"minecraft:cherry_trapdoor":50,"minecraft:diamond_helmet":1,"minecraft:bow":1,"minecraft:iron_boots":1,"minecraft:iron_axe":3,"minecraft:stone_pickaxe":2,"minecraft:netherite_scrap":6,"minecraft:ender_eye":4,"minecraft:oak_fence":48,"minecraft:oak_slab":432,"minecraft:wooden_shovel":1,"minecraft:diamond_sword":1,"minecraft:cooked_porkchop":17,"minecraft:diamond_axe":2,"minecraft:crafting_table":1,"minecraft:spruce_planks":284,"minecraft:wooden_pickaxe":1,"minecraft:baked_potato":109,"minecraft:iron_sword":1,"minecraft:bone":40,"minecraft:bucket":1,"minecraft:air":0,"minecraft:oak_fence_gate":7,"minecraft:spruce_trapdoor":62,"minecraft:cobblestone":145,"minecraft:diamond_pickaxe":1,"minecraft:shield":1,"minecraft:stick":224,"minecraft:iron_ingot":53,"minecraft:iron_pickaxe":3,"minecraft:wooden_axe":1,"minecraft:iron_shovel":1,"minecraft:white_bed":1,"minecraft:acacia_sapling":2,"minecraft:acacia_planks":32,"minecraft:torch":104},"minecraft:custom":{"minecraft:mob_kills":261,"minecraft:animals_bred":27,"minecraft:interact_with_crafting_table":36,"minecraft:leave_game":14,"minecraft:time_since_death":21703,"minecraft:sprint_one_cm":394980,"minecraft:walk_one_cm":637530,"minecraft:drop":51,"minecraft:talked_to_villager":30,"minecraft:play_time":294102,"minecraft:deaths":17,"minecraft:sneak_time":96383,"minecraft:walk_under_water_one_cm":5123,"minecraft:boat_one_cm":230,"minecraft:jump":719,"minecraft:interact_with_blast_furnace":27,"minecraft:walk_on_water_one_cm":6652,"minecraft:total_world_time":294102,"minecraft:interact_with_furnace":213,"minecraft:traded_with_villager":11,"minecraft:sleep_in_bed":1,"minecraft:time_since_rest":21747,"minecraft:damage_taken":6616,"minecraft:damage_dealt":14206,"minecraft:swim_one_cm":599,"minecraft:fly_one_cm":48429,"minecraft:open_chest":525,"minecraft:crouch_one_cm":213751,"minecraft:fall_one_cm":4967},"minecraft:picked_up":{"minecraft:mud":97,"minecraft:iron_chestplate":2,"minecraft:crafting_table":1,"minecraft:wheat":306,"minecraft:clay_ball":152,"minecraft:golden_pickaxe":1,"minecraft:brown_mushroom":1,"minecraft:diamond_sword":3,"minecraft:wooden_pickaxe":2,"minecraft:shield":2,"minecraft:amethyst_block":15,"minecraft:string":11,"minecraft:raw_copper":94,"minecraft:iron_axe":3,"minecraft:iron_leggings":3,"minecraft:iron_shovel":5,"minecraft:blackstone":14,"minecraft:gold_nugget":84,"minecraft:cobbled_deepslate":125,"minecraft:spruce_planks":114,"minecraft:beef":1,"minecraft:trial_key":1,"minecraft:melon_slice":6,"minecraft:cobblestone_slab":1,"minecraft:iron_pickaxe":4,"minecraft:spruce_slab":251,"minecraft:spruce_trapdoor":5,"minecraft:cherry_trapdoor":9,"minecraft:stick":32,"minecraft:raw_iron":59,"minecraft:composter":1,"minecraft:oak_fence":47,"minecraft:torch":248,"minecraft:acacia_log":8,"minecraft:porkchop":382,"minecraft:cherry_log":50,"minecraft:pointed_dripstone":11,"minecraft:diorite":28,"minecraft:carrot":54,"minecraft:redstone":150,"minecraft:arrow":104,"minecraft:rotten_flesh":164,"minecraft:shears":1,"minecraft:obsidian":34,"minecraft:white_wool":2,"minecraft:cobblestone":157,"minecraft:oxeye_daisy":2,"minecraft:leather_chestplate":1,"minecraft:polished_diorite_slab":58,"minecraft:cherry_planks":26,"minecraft:golden_carrot":5,"minecraft:burn_pottery_sherd":2,"minecraft:andesite":29,"minecraft:leather":3,"minecraft:yellow_dye":1,"minecraft:potato":810,"minecraft:oak_log":136,"minecraft:chainmail_chestplate":2,"minecraft:ancient_debris":10,"minecraft:gunpowder":76,"minecraft:lapis_lazuli":211,"minecraft:dirt":227,"minecraft:leather_boots":1,"minecraft:bone":91,"minecraft:bow":5,"minecraft:wheat_seeds":918,"minecraft:raw_gold":47,"minecraft:iron_ingot":30,"minecraft:stone_pickaxe":2,"minecraft:glowstone_dust":116,"minecraft:moss_block":102,"minecraft:iron_sword":4,"minecraft:stone_hoe":3,"minecraft:oak_planks":211,"minecraft:acacia_sapling":5,"minecraft:soul_sand":27,"minecraft:oak_slab":286,"minecraft:quartz":45,"minecraft:dandelion":2,"minecraft:poisonous_potato":7,"minecraft:dripstone_block":64,"minecraft:spruce_sapling":81,"minecraft:spruce_log":313,"minecraft:spider_eye":28,"minecraft:diamond_shovel":3,"minecraft:slime_ball":2,"minecraft:clay":1,"minecraft:diamond":61,"minecraft:spruce_boat":2,"minecraft:stone_axe":2,"minecraft:granite":57,"minecraft:diamond_axe":4,"minecraft:bone_meal":24,"minecraft:cherry_sapling":20,"minecraft:golden_apple":4,"minecraft:emerald":40,"minecraft:baked_potato":163,"minecraft:oak_sapling":5,"minecraft:netherrack":44,"minecraft:coal":78,"minecraft:diamond_pickaxe":3},"minecraft:broken":{"minecraft:stone_pickaxe":2,"minecraft:iron_axe":1,"minecraft:stone_axe":1,"minecraft:iron_pickaxe":1,"minecraft:golden_pickaxe":1},"minecraft:killed":{"minecraft:witch":1,"minecraft:spider":3,"minecraft:zoglin":1,"minecraft:skeleton":80,"minecraft:hoglin":1,"minecraft:creeper":77,"minecraft:zombie":87,"minecraft:blaze":2},"minecraft:mined":{"minecraft:light_blue_stained_glass_pane":1,"minecraft:nether_gold_ore":25,"minecraft:spruce_planks":34,"minecraft:oak_sapling":2,"minecraft:deepslate_diamond_ore":45,"minecraft:cherry_log":54,"minecraft:cherry_sapling":5,"minecraft:obsidian":8,"minecraft:spruce_trapdoor":4,"minecraft:cherry_trapdoor":3,"minecraft:granite":60,"minecraft:acacia_log":8,"minecraft:grass_block":370,"minecraft:brown_mushroom_block":4,"minecraft:spruce_leaves":162,"minecraft:composter":1,"minecraft:moss_block":144,"minecraft:oxeye_daisy":2,"minecraft:redstone_ore":4,"minecraft:glowstone":28,"minecraft:spruce_sapling":22,"minecraft:carrots":23,"minecraft:iron_ore":35,"minecraft:cobbled_deepslate":15,"minecraft:andesite":33,"minecraft:deepslate_lapis_ore":32,"minecraft:potatoes":164,"minecraft:deepslate_iron_ore":36,"minecraft:stone":236,"minecraft:spruce_slab":30,"minecraft:podzol":11,"minecraft:brown_mushroom":1,"minecraft:deepslate_redstone_ore":29,"minecraft:oak_slab":204,"minecraft:acacia_leaves":4,"minecraft:soul_sand":24,"minecraft:blackstone":12,"minecraft:dandelion":3,"minecraft:clay":44,"minecraft:oak_fence":8,"minecraft:crafting_table":1,"minecraft:torch":12,"minecraft:short_grass":22,"minecraft:melon":2,"minecraft:mushroom_stem":1,"minecraft:nether_quartz_ore":24,"minecraft:copper_ore":6,"minecraft:tall_grass":11,"minecraft:cobblestone":1,"minecraft:deepslate_coal_ore":49,"minecraft:deepslate_gold_ore":40,"minecraft:lapis_ore":2,"minecraft:oak_planks":63,"minecraft:sculk":20,"minecraft:diorite":34,"minecraft:amethyst_block":16,"minecraft:deepslate_copper_ore":25,"minecraft:acacia_sapling":3,"minecraft:mud":111,"minecraft:wheat":204,"minecraft:spruce_log":328,"minecraft:coal_ore":34,"minecraft:oak_log":146,"minecraft:cherry_leaves":22,"minecraft:dirt":7,"minecraft:dripstone_block":98,"minecraft:ancient_debris":9,"minecraft:netherrack":36,"minecraft:gold_ore":2,"minecraft:deepslate_emerald_ore":44,"minecraft:oak_leaves":104,"minecraft:deepslate":55}},"DataVersion":3953}