{"stats":{"minecraft:broken":{"minecraft:stone_pickaxe":2,"minecraft:stone_axe":1,"minecraft:iron_axe":1,"minecraft:iron_pickaxe":1,"minecraft:golden_pickaxe":1},"minecraft:killed":{"minecraft:zombified_piglin":8,"minecraft:witch":5,"minecraft:spider":11,"minecraft:skeleton":493,"minecraft:chicken":2,"minecraft:magma_cube":2,"minecraft:zombie_villager":2,"minecraft:creeper":532,"minecraft:sheep":3,"minecraft:zombie":535,"minecraft:blaze":8,"minecraft:zoglin":1,"minecraft:phantom":1,"minecraft:hoglin":12,"minecraft:enderman":1},"minecraft:picked_up":{"minecraft:shulker_shell":4,"minecraft:iron_chestplate":2,"minecraft:wheat":417,"minecraft:redstone_block":1,"minecraft:anvil":2,"minecraft:diamond_sword":9,"minecraft:enchanted_book":3,"minecraft:nether_brick":64,"minecraft:amethyst_block":49,"minecraft:string":54,"minecraft:raw_copper":239,"minecraft:deepslate_lapis_ore":1,"minecraft:iron_leggings":4,"minecraft:diamond_leggings":1,"minecraft:smooth_stone":16,"minecraft:gold_nugget":354,"minecraft:cobbled_deepslate":232,"minecraft:bucket":4,"minecraft:spruce_planks":125,"minecraft:trial_key":1,"minecraft:redstone_torch":5,"minecraft:cobblestone_slab":604,"minecraft:iron_pickaxe":4,"minecraft:melon_slice":6,"minecraft:iron_boots":1,"minecraft:furnace":2,"minecraft:golden_helmet":2,"minecraft:stick":96,"minecraft:composter":1,"minecraft:oak_fence":47,"minecraft:torch":262,"minecraft:acacia_log":8,"minecraft:porkchop":2142,"minecraft:cherry_log":58,"minecraft:pointed_dripstone":39,"minecraft:diorite":95,"minecraft:golden_chestplate":3,"minecraft:cauldron":1,"minecraft:bamboo_block":68,"minecraft:honey_bottle":1,"minecraft:rotten_flesh":753,"minecraft:tropical_fish":1,"minecraft:blue_dye":2,"minecraft:deepslate_copper_ore":1,"minecraft:spruce_hanging_sign":3,"minecraft:blaze_rod":24,"minecraft:obsidian":72,"minecraft:cobblestone":347,"minecraft:leather_chestplate":3,"minecraft:polished_diorite_slab":216,"minecraft:feather":1,"minecraft:magma_cream":2,"minecraft:repeater":5,"minecraft:cherry_planks":31,"minecraft:andesite":88,"minecraft:water_bucket":2,"minecraft:jungle_log":56,"minecraft:golden_leggings":2,"minecraft:potato":1093,"minecraft:flint":2,"minecraft:lapis_lazuli":479,"minecraft:dirt":504,"minecraft:brown_candle":1,"minecraft:twisting_vines":162,"minecraft:leather_boots":2,"minecraft:glass":183,"minecraft:bone":266,"minecraft:bow":23,"minecraft:wheat_seeds":1271,"minecraft:deepslate_brick_slab":33,"minecraft:raw_gold":108,"minecraft:cobbled_deepslate_slab":3,"minecraft:netherite_axe":1,"minecraft:purple_stained_glass_pane":1,"minecraft:diamond_helmet":1,"minecraft:glowstone_dust":232,"minecraft:bamboo":1009,"minecraft:moss_block":217,"minecraft:stone_hoe":3,"minecraft:oak_planks":237,"minecraft:cooked_porkchop":151,"minecraft:warped_wart_block":6,"minecraft:poisonous_potato":8,"minecraft:jungle_planks":4,"minecraft:stripped_spruce_log":1,"minecraft:granite_slab":1,"minecraft:grass_block":87,"minecraft:dispenser":3,"minecraft:clay":2,"minecraft:diamond":146,"minecraft:deepslate":1,"minecraft:spruce_boat":4,"minecraft:lever":7,"minecraft:polished_granite_slab":14,"minecraft:granite":207,"minecraft:bone_meal":131,"minecraft:golden_apple":4,"minecraft:chainmail_helmet":2,"minecraft:emerald":109,"minecraft:deepslate_coal_ore":2,"minecraft:oak_sapling":80,"minecraft:netherrack":174,"minecraft:andesite_slab":23,"minecraft:diamond_pickaxe":16,"minecraft:mud":311,"minecraft:crafting_table":4,"minecraft:chicken":4,"minecraft:nether_wart":2,"minecraft:clay_ball":576,"minecraft:golden_pickaxe":1,"minecraft:brown_mushroom":1,"minecraft:wooden_pickaxe":2,"minecraft:diorite_slab":5,"minecraft:brick":4,"minecraft:shield":2,"minecraft:wind_charge":2,"minecraft:cornflower":1,"minecraft:iron_axe":7,"minecraft:iron_shovel":6,"minecraft:blackstone":57,"minecraft:netherite_sword":1,"minecraft:beef":1,"minecraft:oak_boat":4,"minecraft:jungle_sapling":7,"minecraft:spruce_slab":260,"minecraft:sugar_cane":27,"minecraft:chest":34,"minecraft:phantom_membrane":5,"minecraft:piston":1,"minecraft:spruce_trapdoor":90,"minecraft:cherry_trapdoor":11,"minecraft:raw_copper_block":3,"minecraft:raw_iron":143,"minecraft:stone":3,"minecraft:red_stained_glass_pane":1,"minecraft:white_dye":1,"minecraft:mace":2,"minecraft:carrot":55,"minecraft:redstone":417,"minecraft:netherite_pickaxe":1,"minecraft:diamond_chestplate":1,"minecraft:arrow":261,"minecraft:beetroot_seeds":2,"minecraft:deepslate_bricks":47,"minecraft:shears":2,"minecraft:diamond_boots":1,"minecraft:mutton":9,"minecraft:white_wool":8,"minecraft:oxeye_daisy":2,"minecraft:stripped_oak_log":3,"minecraft:golden_carrot":5,"minecraft:burn_pottery_sherd":2,"minecraft:tripwire_hook":7,"minecraft:leather":227,"minecraft:yellow_dye":1,"minecraft:blackstone_slab":23,"minecraft:oak_log":668,"minecraft:chainmail_chestplate":2,"minecraft:ancient_debris":27,"minecraft:golden_boots":2,"minecraft:gunpowder":167,"minecraft:podzol":1,"minecraft:apple":10,"minecraft:deepslate_emerald_ore":1,"minecraft:warped_stem":4,"minecraft:iron_ingot":60,"minecraft:stone_pickaxe":2,"minecraft:polished_andesite_slab":19,"minecraft:iron_sword":4,"minecraft:acacia_sapling":5,"minecraft:soul_sand":84,"minecraft:book":2,"minecraft:oak_slab":600,"minecraft:warped_fungus":8,"minecraft:nether_quartz_ore":2,"minecraft:heavy_core":1,"minecraft:stone_brick_slab":12,"minecraft:quartz":84,"minecraft:dandelion":4,"minecraft:dripstone_block":250,"minecraft:gravel":36,"minecraft:spruce_sapling":103,"minecraft:white_bed":4,"minecraft:spruce_log":784,"minecraft:spider_eye":30,"minecraft:leather_helmet":1,"minecraft:diamond_shovel":4,"minecraft:pumpkin_seeds":3,"minecraft:slime_ball":5,"minecraft:stone_axe":2,"minecraft:polished_diorite":19,"minecraft:honey_block":3,"minecraft:chainmail_leggings":1,"minecraft:diamond_axe":11,"minecraft:cherry_sapling":21,"minecraft:warped_roots":44,"minecraft:oak_button":2,"minecraft:baked_potato":163,"minecraft:netherite_hoe":1,"minecraft:coal":181,"minecraft:hopper":2,"minecraft:ender_pearl":1},"minecraft:crafted":{"minecraft:oak_planks":1968,"minecraft:lever":3,"minecraft:diamond_shovel":12,"minecraft:nether_brick":64,"minecraft:warped_planks":24,"minecraft:mace":1,"minecraft:glass":191,"minecraft:hopper":10,"minecraft:diamond_helmet":2,"minecraft:repeater":2,"minecraft:bow":1,"minecraft:diamond_leggings":1,"minecraft:iron_boots":1,"minecraft:chest":55,"minecraft:oak_button":2,"minecraft:netherite_upgrade_smithing_template":4,"minecraft:rail":16,"minecraft:ender_eye":4,"minecraft:oak_fence":48,"minecraft:oak_slab":2352,"minecraft:wooden_shovel":1,"minecraft:cauldron":2,"minecraft:cooked_porkchop":113,"minecraft:diamond_axe":6,"minecraft:crafting_table":5,"minecraft:spruce_planks":1612,"minecraft:wooden_pickaxe":1,"minecraft:baked_potato":109,"minecraft:hopper_minecart":1,"minecraft:sheep_spawn_egg":1,"minecraft:dispenser":2,"minecraft:spruce_trapdoor":210,"minecraft:bamboo":1,"minecraft:diamond_pickaxe":5,"minecraft:shield":1,"minecraft:stick":364,"minecraft:iron_ingot":105,"minecraft:iron_pickaxe":3,"minecraft:iron_block":3,"minecraft:gold_ingot":61,"minecraft:redstone_torch":12,"minecraft:netherite_ingot":4,"minecraft:shears":3,"minecraft:golden_carrot":5,"minecraft:cherry_planks":252,"minecraft:tripwire_hook":2,"minecraft:netherite_sword":1,"minecraft:furnace":3,"minecraft:piston":1,"minecraft:cherry_sapling":1,"minecraft:bone_meal":738,"minecraft:oak_trapdoor":36,"minecraft:flint_and_steel":1,"minecraft:cherry_trapdoor":52,"minecraft:netherite_axe":1,"minecraft:iron_axe":3,"minecraft:stone_pickaxe":2,"minecraft:diamond_boots":1,"minecraft:spruce_boat":1,"minecraft:jungle_sapling":2,"minecraft:netherite_scrap":70,"minecraft:minecart":2,"minecraft:observer":3,"minecraft:netherite_pickaxe":1,"minecraft:diamond_sword":6,"minecraft:iron_sword":1,"minecraft:dirt":94,"minecraft:bone":40,"minecraft:bucket":1,"minecraft:bread":26,"minecraft:air":0,"minecraft:jungle_planks":188,"minecraft:oak_fence_gate":7,"minecraft:white_wool":5,"minecraft:cobblestone":199,"minecraft:wooden_axe":1,"minecraft:iron_shovel":1,"minecraft:stonecutter":1,"minecraft:anvil":1,"minecraft:white_bed":3,"minecraft:acacia_sapling":2,"minecraft:acacia_planks":32,"minecraft:torch":292,"minecraft:diamond_chestplate":1},"minecraft:used":{"minecraft:cherry_sapling":8,"minecraft:iron_shovel":64,"minecraft:dispenser":4,"minecraft:spruce_slab":265,"minecraft:chest":22,"minecraft:iron_sword":79,"minecraft:nether_wart":2,"minecraft:carrot":38,"minecraft:deepslate_brick_slab":149,"minecraft:tuff":45,"minecraft:acacia_sapling":4,"minecraft:obsidian":20,"minecraft:glass":49,"minecraft:jungle_sapling":8,"minecraft:spruce_boat":2,"minecraft:honey_block":2,"minecraft:lava_bucket":3,"minecraft:grass_block":29,"minecraft:hopper_minecart":1,"minecraft:spruce_hanging_sign":2,"minecraft:repeater":7,"minecraft:bow":18,"minecraft:warped_fungus":7,"minecraft:furnace":5,"minecraft:oak_sapling":81,"minecraft:beetroot_seeds":1,"minecraft:potato":324,"minecraft:diorite":19,"minecraft:stone_pickaxe":351,"minecraft:oak_planks":375,"minecraft:polished_diorite_slab":158,"minecraft:blackstone":11,"minecraft:wooden_pickaxe":20,"minecraft:redstone_block":1,"minecraft:composter":1,"minecraft:diamond_axe":1803,"minecraft:sugar_cane":22,"minecraft:dripstone_block":33,"minecraft:redstone_torch":5,"minecraft:lever":8,"minecraft:mace":11,"minecraft:string":16,"minecraft:gravel":44,"minecraft:polished_andesite_slab":88,"minecraft:blackstone_slab":8,"minecraft:granite_slab":53,"minecraft:diamond_sword":1434,"minecraft:andesite":73,"minecraft:oak_boat":2,"minecraft:golden_pickaxe":19,"minecraft:oak_fence":34,"minecraft:bone_meal":494,"minecraft:diorite_slab":22,"minecraft:oak_trapdoor":36,"minecraft:polished_blackstone_brick_slab":10,"minecraft:netherite_sword":149,"minecraft:redstone":30,"minecraft:spruce_planks":519,"minecraft:deepslate_gold_ore":1,"minecraft:wooden_shovel":58,"minecraft:stone_hoe":73,"minecraft:netherrack":112,"minecraft:trial_key":1,"minecraft:torch":69,"minecraft:dirt":452,"minecraft:anvil":3,"minecraft:hopper":11,"minecraft:twisting_vines":47,"minecraft:polished_granite_slab":58,"minecraft:granite":169,"minecraft:polished_diorite":1,"minecraft:oak_fence_gate":1,"minecraft:wooden_axe":13,"minecraft:stone_brick_slab":25,"minecraft:iron_axe":810,"minecraft:jungle_log":8,"minecraft:cherry_trapdoor":54,"minecraft:bamboo":20,"minecraft:tripwire_hook":7,"minecraft:golden_carrot":2,"minecraft:podzol":1,"minecraft:netherite_pickaxe":512,"minecraft:cobbled_deepslate":94,"minecraft:observer":2,"minecraft:pointed_dripstone":6,"minecraft:wheat_seeds":392,"minecraft:water_bucket":78,"minecraft:baked_potato":29,"minecraft:andesite_slab":65,"minecraft:cherry_planks":7,"minecraft:brown_mushroom":1,"minecraft:cauldron":3,"minecraft:stonecutter":1,"minecraft:cobblestone_slab":457,"minecraft:deepslate_bricks":60,"minecraft:rail":1,"minecraft:crafting_table":8,"minecraft:oak_slab":2105,"minecraft:bamboo_block":68,"minecraft:red_mushroom":1,"minecraft:white_bed":7,"minecraft:spruce_log":30,"minecraft:oak_log":14,"minecraft:mud":144,"minecraft:piston":1,"minecraft:diamond_pickaxe":3363,"minecraft:diamond_shovel":140,"minecraft:oak_button":2,"minecraft:iron_pickaxe":501,"minecraft:netherite_axe":591,"minecraft:spruce_trapdoor":257,"minecraft:spruce_sapling":66,"minecraft:stone_axe":84,"minecraft:cobblestone":6,"minecraft:cobbled_deepslate_slab":3,"minecraft:porkchop":3,"minecraft:cooked_porkchop":29,"minecraft:bucket":83},"minecraft:custom":{"minecraft:animals_bred":38,"minecraft:interact_with_crafting_table":131,"minecraft:open_shulker_box":1,"minecraft:leave_game":28,"minecraft:time_since_death":7383,"minecraft:sprint_one_cm":1643924,"minecraft:drop":357,"minecraft:talked_to_villager":88,"minecraft:play_time":921265,"minecraft:deaths":37,"minecraft:jump":3628,"minecraft:walk_on_water_one_cm":40513,"minecraft:enchant_item":9,"minecraft:interact_with_furnace":339,"minecraft:traded_with_villager":19,"minecraft:sleep_in_bed":7,"minecraft:damage_dealt":83167,"minecraft:crouch_one_cm":814167,"minecraft:use_cauldron":2,"minecraft:inspect_dispenser":9,"minecraft:interact_with_smithing_table":5,"minecraft:mob_kills":1645,"minecraft:interact_with_anvil":2,"minecraft:inspect_hopper":28,"minecraft:climb_one_cm":68195,"minecraft:walk_one_cm":1829520,"minecraft:sneak_time":269085,"minecraft:walk_under_water_one_cm":7062,"minecraft:boat_one_cm":56553,"minecraft:interact_with_blast_furnace":52,"minecraft:total_world_time":921265,"minecraft:interact_with_stonecutter":21,"minecraft:time_since_rest":7411,"minecraft:damage_taken":14495,"minecraft:swim_one_cm":599,"minecraft:fly_one_cm":603296,"minecraft:open_chest":2052,"minecraft:fall_one_cm":62736},"minecraft:dropped":{"minecraft:clay":2,"minecraft:moss_block":43,"minecraft:soul_sand":14,"minecraft:porkchop":7,"minecraft:diamond_axe":1,"minecraft:orange_dye":1,"minecraft:lapis_lazuli":58,"minecraft:oak_log":23,"minecraft:baked_potato":17,"minecraft:diamond":27,"minecraft:crafting_table":1,"minecraft:jungle_planks":8,"minecraft:leather_helmet":3,"minecraft:emerald":8,"minecraft:dirt":42,"minecraft:mace":2,"minecraft:yellow_dye":2,"minecraft:mutton":5,"minecraft:gold_nugget":20,"minecraft:bone_meal":25,"minecraft:phantom_membrane":3,"minecraft:white_wool":2,"minecraft:bone":14,"minecraft:green_candle":2,"minecraft:blackstone":6,"minecraft:ancient_debris":1,"minecraft:golden_chestplate":10,"minecraft:cobbled_deepslate":25,"minecraft:andesite_slab":2,"minecraft:wheat":169,"minecraft:pointed_dripstone":7,"minecraft:obsidian":2,"minecraft:rotten_flesh":234,"minecraft:oak_planks":61,"minecraft:glowstone_dust":32,"minecraft:red_stained_glass_pane":2,"minecraft:chainmail_chestplate":2,"minecraft:leather_chestplate":6,"minecraft:red_candle":1,"minecraft:gunpowder":51,"minecraft:beetroot_seeds":1,"minecraft:leather_boots":2,"minecraft:chest":8,"minecraft:leather_leggings":4,"minecraft:heart_pottery_sherd":1,"minecraft:spruce_slab":1,"minecraft:arrow":9,"minecraft:glass":64,"minecraft:purple_stained_glass_pane":1,"minecraft:netherrack":4,"minecraft:quartz":2,"minecraft:golden_boots":5,"minecraft:bread":26,"minecraft:oak_slab":10,"minecraft:wheat_seeds":559,"minecraft:golden_helmet":6,"minecraft:dripstone_block":11,"minecraft:cobblestone":99,"minecraft:apple":6,"minecraft:amethyst_block":6,"minecraft:granite":18,"minecraft:tropical_fish":1,"minecraft:coal":35,"minecraft:stick":19,"minecraft:chainmail_helmet":2,"minecraft:golden_apple":1,"minecraft:blue_dye":2,"minecraft:diorite":6,"minecraft:wooden_hoe":2,"minecraft:cherry_planks":2,"minecraft:iron_leggings":1,"minecraft:iron_axe":1,"minecraft:mud":116,"minecraft:iron_shovel":2,"minecraft:chainmail_leggings":1,"minecraft:string":9,"minecraft:spruce_sapling":4,"minecraft:stone_brick_slab":1,"minecraft:redstone":29,"minecraft:netherite_hoe":1,"minecraft:polished_diorite_slab":59,"minecraft:raw_copper":2,"minecraft:raw_iron":4,"minecraft:chicken":3,"minecraft:clay_ball":28,"minecraft:shears":2,"minecraft:pumpkin_seeds":1,"minecraft:light_blue_dye":1,"minecraft:potato":226,"minecraft:cobblestone_slab":109,"minecraft:spruce_boat":1,"minecraft:spruce_trapdoor":2,"minecraft:spruce_planks":256,"minecraft:diamond_pickaxe":4,"minecraft:iron_chestplate":1,"minecraft:andesite":14,"minecraft:golden_leggings":6,"minecraft:oak_sapling":2,"minecraft:bamboo":3,"minecraft:bow":73,"minecraft:spider_eye":2,"minecraft:slime_ball":1,"minecraft:spruce_log":160,"minecraft:raw_gold":5,"minecraft:wooden_pickaxe":4,"minecraft:friend_pottery_sherd":1,"minecraft:heartbreak_pottery_sherd":1,"minecraft:brick":2},"minecraft:mined":{"minecraft:polished_granite_slab":4,"minecraft:spruce_planks":47,"minecraft:white_bed":4,"minecraft:oak_sapling":7,"minecraft:cherry_log":63,"minecraft:jungle_leaves":68,"minecraft:obsidian":46,"minecraft:spruce_trapdoor":24,"minecraft:cherry_trapdoor":5,"minecraft:granite":140,"minecraft:acacia_log":8,"minecraft:grass_block":642,"minecraft:jungle_log":56,"minecraft:deepslate_bricks":56,"minecraft:polished_diorite":10,"minecraft:composter":1,"minecraft:bamboo_block":4,"minecraft:hopper":2,"minecraft:nether_wart":2,"minecraft:oxeye_daisy":2,"minecraft:smooth_stone":1,"minecraft:glowstone":64,"minecraft:cobbled_deepslate":76,"minecraft:iron_ore":35,"minecraft:fire":29,"minecraft:anvil":2,"minecraft:deepslate_lapis_ore":69,"minecraft:granite_slab":1,"minecraft:twisting_vines":73,"minecraft:pointed_dripstone":2,"minecraft:spruce_slab":39,"minecraft:deepslate_redstone_ore":77,"minecraft:brown_mushroom":1,"minecraft:blackstone":59,"minecraft:twisting_vines_plant":7,"minecraft:clay":90,"minecraft:torch":23,"minecraft:melon":2,"minecraft:chest":3,"minecraft:mushroom_stem":1,"minecraft:polished_diorite_slab":90,"minecraft:glass":46,"minecraft:nether_quartz_ore":55,"minecraft:cobblestone":111,"minecraft:sugar_cane":31,"minecraft:oak_planks":102,"minecraft:amethyst_block":55,"minecraft:cauldron":1,"minecraft:deepslate_copper_ore":58,"minecraft:spruce_wall_hanging_sign":1,"minecraft:repeater":5,"minecraft:acacia_sapling":3,"minecraft:mud":195,"minecraft:wheat":317,"minecraft:warped_fungus":7,"minecraft:oak_log":691,"minecraft:dirt":122,"minecraft:tripwire_hook":2,"minecraft:netherrack":117,"minecraft:dispenser":3,"minecraft:ancient_debris":31,"minecraft:piston":1,"minecraft:oak_leaves":618,"minecraft:deepslate":109,"minecraft:light_blue_stained_glass_pane":1,"minecraft:nether_gold_ore":47,"minecraft:deepslate_diamond_ore":109,"minecraft:cherry_sapling":5,"minecraft:lever":6,"minecraft:cobbled_deepslate_slab":16,"minecraft:redstone_wire":23,"minecraft:brown_mushroom_block":4,"minecraft:polished_andesite_slab":3,"minecraft:spruce_leaves":262,"minecraft:moss_block":225,"minecraft:diorite_slab":37,"minecraft:deepslate_brick_slab":30,"minecraft:redstone_ore":4,"minecraft:spruce_sapling":32,"minecraft:furnace":2,"minecraft:carrots":23,"minecraft:jungle_sapling":1,"minecraft:nether_sprouts":3,"minecraft:andesite":84,"minecraft:stripped_spruce_log":1,"minecraft:potatoes":248,"minecraft:deepslate_iron_ore":99,"minecraft:cobblestone_slab":458,"minecraft:vine":8,"minecraft:rail":1,"minecraft:warped_stem":4,"minecraft:stripped_oak_log":3,"minecraft:bamboo_sapling":1,"minecraft:bamboo":105,"minecraft:stone":391,"minecraft:podzol":15,"minecraft:spruce_hanging_sign":1,"minecraft:oak_slab":479,"minecraft:redstone_block":1,"minecraft:acacia_leaves":4,"minecraft:cherry_planks":7,"minecraft:soul_sand":48,"minecraft:stone_brick_slab":12,"minecraft:observer":1,"minecraft:dandelion":5,"minecraft:oak_fence":8,"minecraft:crafting_table":3,"minecraft:cornflower":2,"minecraft:short_grass":38,"minecraft:blackstone_slab":22,"minecraft:warped_roots":2,"minecraft:andesite_slab":7,"minecraft:tall_grass":11,"minecraft:copper_ore":6,"minecraft:deepslate_coal_ore":110,"minecraft:deepslate_gold_ore":86,"minecraft:lapis_ore":2,"minecraft:sculk":55,"minecraft:diorite":81,"minecraft:warped_wart_block":6,"minecraft:redstone_torch":5,"minecraft:spruce_log":750,"minecraft:coal_ore":34,"minecraft:cherry_leaves":30,"minecraft:gravel":18,"minecraft:dripstone_block":173,"minecraft:oak_button":1,"minecraft:gold_ore":2,"minecraft:deepslate_emerald_ore":95},"minecraft:killed_by":{"minecraft:zombie_villager":6,"minecraft:zombified_piglin":1,"minecraft:creeper":1,"minecraft:magma_cube":2,"minecraft:witch":1,"minecraft:blaze":6,"minecraft:zombie":6,"minecraft:player":2,"minecraft:hoglin":1,"minecraft:skeleton":2}},"DataVersion":3953}