{"stats":{"minecraft:used":{"minecraft:oak_fence":34,"minecraft:cherry_sapling":7,"minecraft:iron_shovel":64,"minecraft:spruce_slab":68,"minecraft:spruce_planks":140,"minecraft:iron_sword":79,"minecraft:wooden_shovel":58,"minecraft:netherrack":15,"minecraft:stone_hoe":73,"minecraft:trial_key":1,"minecraft:torch":29,"minecraft:dirt":115,"minecraft:carrot":38,"minecraft:acacia_sapling":4,"minecraft:granite":1,"minecraft:oak_fence_gate":1,"minecraft:obsidian":4,"minecraft:wooden_axe":13,"minecraft:iron_axe":447,"minecraft:cherry_trapdoor":36,"minecraft:golden_carrot":2,"minecraft:bow":13,"minecraft:oak_sapling":1,"minecraft:furnace":2,"minecraft:potato":56,"minecraft:cobbled_deepslate":26,"minecraft:wheat_seeds":120,"minecraft:water_bucket":2,"minecraft:stone_pickaxe":262,"minecraft:oak_planks":138,"minecraft:baked_potato":8,"minecraft:wooden_pickaxe":20,"minecraft:composter":1,"minecraft:diamond_axe":131,"minecraft:oak_slab":418,"minecraft:crafting_table":2,"minecraft:spruce_log":10,"minecraft:oak_log":1,"minecraft:diamond_pickaxe":888,"minecraft:iron_pickaxe":394,"minecraft:spruce_trapdoor":34,"minecraft:spruce_sapling":44,"minecraft:diamond_sword":24,"minecraft:cobblestone":1,"minecraft:bucket":2,"minecraft:bone_meal":151},"minecraft:picked_up":{"minecraft:mud":83,"minecraft:crafting_table":1,"minecraft:wheat":41,"minecraft:clay_ball":96,"minecraft:amethyst_block":9,"minecraft:string":3,"minecraft:raw_copper":80,"minecraft:iron_axe":3,"minecraft:iron_leggings":1,"minecraft:iron_shovel":4,"minecraft:blackstone":7,"minecraft:gold_nugget":55,"minecraft:cobbled_deepslate":49,"minecraft:spruce_planks":30,"minecraft:trial_key":1,"minecraft:spruce_slab":15,"minecraft:iron_pickaxe":4,"minecraft:spruce_trapdoor":5,"minecraft:cherry_trapdoor":1,"minecraft:stick":15,"minecraft:raw_iron":50,"minecraft:composter":1,"minecraft:oak_fence":47,"minecraft:torch":100,"minecraft:acacia_log":8,"minecraft:porkchop":4,"minecraft:cherry_log":50,"minecraft:pointed_dripstone":3,"minecraft:diorite":23,"minecraft:carrot":54,"minecraft:redstone":124,"minecraft:arrow":8,"minecraft:rotten_flesh":19,"minecraft:obsidian":5,"minecraft:cobblestone":125,"minecraft:oxeye_daisy":2,"minecraft:golden_carrot":5,"minecraft:andesite":22,"minecraft:leather":1,"minecraft:potato":240,"minecraft:oak_log":105,"minecraft:ancient_debris":8,"minecraft:gunpowder":9,"minecraft:lapis_lazuli":157,"minecraft:dirt":185,"minecraft:bone":10,"minecraft:wheat_seeds":105,"minecraft:raw_gold":38,"minecraft:iron_ingot":25,"minecraft:oak_planks":3,"minecraft:glowstone_dust":77,"minecraft:moss_block":80,"minecraft:soul_sand":24,"minecraft:iron_sword":4,"minecraft:stone_hoe":3,"minecraft:acacia_sapling":5,"minecraft:oak_slab":247,"minecraft:quartz":17,"minecraft:dandelion":2,"minecraft:poisonous_potato":4,"minecraft:dripstone_block":47,"minecraft:spruce_sapling":40,"minecraft:spruce_log":106,"minecraft:spider_eye":3,"minecraft:slime_ball":1,"minecraft:diamond":55,"minecraft:granite":47,"minecraft:bone_meal":24,"minecraft:cherry_sapling":20,"minecraft:emerald":35,"minecraft:baked_potato":37,"minecraft:oak_sapling":2,"minecraft:netherrack":39,"minecraft:coal":61,"minecraft:diamond_pickaxe":3},"minecraft:dropped":{"minecraft:soul_sand":1,"minecraft:moss_block":22,"minecraft:lapis_lazuli":39,"minecraft:oak_log":23,"minecraft:diamond":13,"minecraft:dripstone_block":11,"minecraft:cobblestone":39,"minecraft:amethyst_block":6,"minecraft:granite":15,"minecraft:coal":9,"minecraft:emerald":6,"minecraft:dirt":42,"minecraft:diorite":6,"minecraft:gold_nugget":16,"minecraft:mud":21,"minecraft:spruce_sapling":2,"minecraft:redstone":29,"minecraft:blackstone":6,"minecraft:ancient_debris":1,"minecraft:cobbled_deepslate":10,"minecraft:wheat":4,"minecraft:clay_ball":12,"minecraft:glowstone_dust":29,"minecraft:diamond_pickaxe":1,"minecraft:andesite":6,"minecraft:raw_gold":5,"minecraft:quartz":2,"minecraft:netherrack":2},"minecraft:killed":{"minecraft:witch":1,"minecraft:spider":3,"minecraft:zoglin":1,"minecraft:skeleton":10,"minecraft:hoglin":1,"minecraft:creeper":11,"minecraft:zombie":18,"minecraft:blaze":2},"minecraft:custom":{"minecraft:mob_kills":47,"minecraft:animals_bred":8,"minecraft:interact_with_crafting_table":28,"minecraft:leave_game":7,"minecraft:time_since_death":51386,"minecraft:sprint_one_cm":203715,"minecraft:walk_one_cm":412908,"minecraft:drop":42,"minecraft:talked_to_villager":23,"minecraft:play_time":185930,"minecraft:deaths":5,"minecraft:sneak_time":70363,"minecraft:walk_under_water_one_cm":5123,"minecraft:jump":390,"minecraft:interact_with_blast_furnace":20,"minecraft:walk_on_water_one_cm":6578,"minecraft:total_world_time":185930,"minecraft:interact_with_furnace":127,"minecraft:traded_with_villager":6,"minecraft:time_since_rest":51419,"minecraft:damage_taken":2027,"minecraft:damage_dealt":4674,"minecraft:swim_one_cm":599,"minecraft:fly_one_cm":18578,"minecraft:open_chest":289,"minecraft:crouch_one_cm":121848,"minecraft:fall_one_cm":3167},"minecraft:mined":{"minecraft:nether_gold_ore":20,"minecraft:light_blue_stained_glass_pane":1,"minecraft:spruce_planks":31,"minecraft:oak_sapling":2,"minecraft:deepslate_diamond_ore":39,"minecraft:cherry_log":54,"minecraft:cherry_sapling":5,"minecraft:cherry_trapdoor":2,"minecraft:obsidian":7,"minecraft:spruce_trapdoor":4,"minecraft:granite":54,"minecraft:acacia_log":8,"minecraft:grass_block":327,"minecraft:spruce_leaves":146,"minecraft:moss_block":126,"minecraft:composter":1,"minecraft:oxeye_daisy":2,"minecraft:redstone_ore":4,"minecraft:spruce_sapling":22,"minecraft:glowstone":19,"minecraft:carrots":23,"minecraft:iron_ore":35,"minecraft:cobbled_deepslate":15,"minecraft:andesite":27,"minecraft:deepslate_lapis_ore":25,"minecraft:potatoes":70,"minecraft:deepslate_iron_ore":27,"minecraft:stone":210,"minecraft:spruce_slab":7,"minecraft:podzol":11,"minecraft:deepslate_redstone_ore":23,"minecraft:oak_slab":197,"minecraft:acacia_leaves":4,"minecraft:blackstone":7,"minecraft:soul_sand":19,"minecraft:dandelion":3,"minecraft:oak_fence":8,"minecraft:clay":37,"minecraft:crafting_table":1,"minecraft:torch":11,"minecraft:short_grass":22,"minecraft:nether_quartz_ore":18,"minecraft:tall_grass":11,"minecraft:copper_ore":6,"minecraft:cobblestone":1,"minecraft:deepslate_coal_ore":37,"minecraft:lapis_ore":2,"minecraft:deepslate_gold_ore":30,"minecraft:oak_planks":11,"minecraft:sculk":11,"minecraft:diorite":28,"minecraft:amethyst_block":10,"minecraft:deepslate_copper_ore":21,"minecraft:acacia_sapling":3,"minecraft:mud":97,"minecraft:wheat":46,"minecraft:spruce_log":114,"minecraft:oak_log":113,"minecraft:coal_ore":34,"minecraft:cherry_leaves":22,"minecraft:dripstone_block":84,"minecraft:dirt":7,"minecraft:netherrack":31,"minecraft:ancient_debris":7,"minecraft:gold_ore":2,"minecraft:oak_leaves":89,"minecraft:deepslate_emerald_ore":38,"minecraft:deepslate":41},"minecraft:killed_by":{"minecraft:player":1,"minecraft:zombie":2},"minecraft:crafted":{"minecraft:golden_carrot":5,"minecraft:cherry_planks":216,"minecraft:oak_planks":528,"minecraft:furnace":2,"minecraft:cherry_sapling":1,"minecraft:bone_meal":150,"minecraft:diamond_shovel":12,"minecraft:cherry_trapdoor":42,"minecraft:diamond_helmet":1,"minecraft:bow":1,"minecraft:iron_boots":1,"minecraft:iron_axe":2,"minecraft:stone_pickaxe":2,"minecraft:netherite_scrap":6,"minecraft:ender_eye":4,"minecraft:oak_fence":48,"minecraft:oak_slab":432,"minecraft:wooden_shovel":1,"minecraft:diamond_sword":1,"minecraft:diamond_axe":2,"minecraft:crafting_table":1,"minecraft:spruce_planks":284,"minecraft:wooden_pickaxe":1,"minecraft:baked_potato":79,"minecraft:iron_sword":1,"minecraft:bone":40,"minecraft:bucket":1,"minecraft:air":0,"minecraft:oak_fence_gate":7,"minecraft:spruce_trapdoor":36,"minecraft:diamond_pickaxe":1,"minecraft:shield":1,"minecraft:stick":220,"minecraft:iron_ingot":46,"minecraft:iron_pickaxe":2,"minecraft:wooden_axe":1,"minecraft:iron_shovel":1,"minecraft:acacia_sapling":2,"minecraft:acacia_planks":32,"minecraft:torch":96},"minecraft:broken":{"minecraft:stone_pickaxe":2,"minecraft:iron_axe":1,"minecraft:iron_pickaxe":1}},"DataVersion":3953}