{"stats":{"minecraft:dropped":{"minecraft:moss_block":42,"minecraft:soul_sand":14,"minecraft:porkchop":7,"minecraft:lapis_lazuli":39,"minecraft:oak_log":23,"minecraft:baked_potato":17,"minecraft:diamond":19,"minecraft:emerald":7,"minecraft:dirt":42,"minecraft:gold_nugget":20,"minecraft:bone_meal":25,"minecraft:blackstone":6,"minecraft:ancient_debris":1,"minecraft:cobbled_deepslate":15,"minecraft:wheat":4,"minecraft:pointed_dripstone":7,"minecraft:rotten_flesh":20,"minecraft:glowstone_dust":32,"minecraft:glass":64,"minecraft:quartz":2,"minecraft:netherrack":2,"minecraft:dripstone_block":11,"minecraft:cobblestone":95,"minecraft:amethyst_block":6,"minecraft:granite":15,"minecraft:coal":35,"minecraft:golden_apple":1,"minecraft:stick":2,"minecraft:diorite":6,"minecraft:iron_axe":1,"minecraft:mud":101,"minecraft:spruce_sapling":2,"minecraft:redstone":29,"minecraft:polished_diorite_slab":58,"minecraft:clay_ball":20,"minecraft:cobblestone_slab":90,"minecraft:spruce_boat":1,"minecraft:diamond_pickaxe":2,"minecraft:andesite":6,"minecraft:oak_sapling":2,"minecraft:wooden_pickaxe":4,"minecraft:raw_gold":5},"minecraft:custom":{"minecraft:animals_bred":27,"minecraft:interact_with_crafting_table":48,"minecraft:leave_game":20,"minecraft:time_since_death":64969,"minecraft:sprint_one_cm":740100,"minecraft:drop":73,"minecraft:talked_to_villager":39,"minecraft:play_time":476799,"minecraft:deaths":29,"minecraft:jump":1356,"minecraft:walk_on_water_one_cm":9565,"minecraft:interact_with_furnace":247,"minecraft:traded_with_villager":13,"minecraft:sleep_in_bed":1,"minecraft:damage_dealt":18897,"minecraft:crouch_one_cm":466777,"minecraft:mob_kills":286,"minecraft:climb_one_cm":33444,"minecraft:walk_one_cm":980296,"minecraft:sneak_time":153649,"minecraft:walk_under_water_one_cm":5123,"minecraft:boat_one_cm":230,"minecraft:interact_with_blast_furnace":35,"minecraft:total_world_time":476799,"minecraft:interact_with_stonecutter":16,"minecraft:time_since_rest":64997,"minecraft:damage_taken":10622,"minecraft:swim_one_cm":599,"minecraft:fly_one_cm":140109,"minecraft:open_chest":792,"minecraft:fall_one_cm":30841},"minecraft:crafted":{"minecraft:oak_planks":1096,"minecraft:diamond_shovel":12,"minecraft:glass":191,"minecraft:diamond_helmet":1,"minecraft:bow":1,"minecraft:iron_boots":1,"minecraft:chest":1,"minecraft:ender_eye":4,"minecraft:oak_fence":48,"minecraft:oak_slab":1470,"minecraft:wooden_shovel":1,"minecraft:cooked_porkchop":17,"minecraft:diamond_axe":2,"minecraft:crafting_table":4,"minecraft:spruce_planks":284,"minecraft:wooden_pickaxe":1,"minecraft:baked_potato":109,"minecraft:spruce_trapdoor":62,"minecraft:diamond_pickaxe":2,"minecraft:shield":1,"minecraft:stick":236,"minecraft:iron_ingot":60,"minecraft:iron_pickaxe":3,"minecraft:gold_ingot":24,"minecraft:golden_carrot":5,"minecraft:cherry_planks":216,"minecraft:furnace":2,"minecraft:cherry_sapling":1,"minecraft:bone_meal":369,"minecraft:oak_trapdoor":22,"minecraft:cherry_trapdoor":50,"minecraft:iron_axe":3,"minecraft:stone_pickaxe":2,"minecraft:netherite_scrap":6,"minecraft:diamond_sword":3,"minecraft:iron_sword":1,"minecraft:bucket":1,"minecraft:bone":40,"minecraft:air":0,"minecraft:oak_fence_gate":7,"minecraft:cobblestone":199,"minecraft:wooden_axe":1,"minecraft:iron_shovel":1,"minecraft:stonecutter":1,"minecraft:white_bed":1,"minecraft:acacia_sapling":2,"minecraft:acacia_planks":32,"minecraft:torch":104},"minecraft:used":{"minecraft:cherry_sapling":8,"minecraft:iron_shovel":64,"minecraft:spruce_slab":264,"minecraft:chest":1,"minecraft:iron_sword":79,"minecraft:nether_wart":2,"minecraft:carrot":38,"minecraft:deepslate_brick_slab":115,"minecraft:acacia_sapling":4,"minecraft:tuff":45,"minecraft:obsidian":20,"minecraft:spruce_boat":1,"minecraft:spruce_hanging_sign":2,"minecraft:bow":13,"minecraft:warped_fungus":7,"minecraft:oak_sapling":61,"minecraft:furnace":3,"minecraft:potato":324,"minecraft:diorite":19,"minecraft:stone_pickaxe":351,"minecraft:oak_planks":196,"minecraft:polished_diorite_slab":109,"minecraft:blackstone":8,"minecraft:wooden_pickaxe":20,"minecraft:composter":1,"minecraft:diamond_axe":980,"minecraft:gravel":34,"minecraft:polished_andesite_slab":36,"minecraft:granite_slab":3,"minecraft:diamond_sword":244,"minecraft:andesite":66,"minecraft:golden_pickaxe":19,"minecraft:bone_meal":385,"minecraft:diorite_slab":8,"minecraft:oak_fence":34,"minecraft:oak_trapdoor":22,"minecraft:polished_blackstone_brick_slab":10,"minecraft:spruce_planks":143,"minecraft:wooden_shovel":58,"minecraft:trial_key":1,"minecraft:stone_hoe":73,"minecraft:netherrack":84,"minecraft:torch":45,"minecraft:dirt":141,"minecraft:twisting_vines":11,"minecraft:polished_granite_slab":58,"minecraft:granite":101,"minecraft:oak_fence_gate":1,"minecraft:wooden_axe":13,"minecraft:iron_axe":810,"minecraft:cherry_trapdoor":52,"minecraft:golden_carrot":2,"minecraft:cobbled_deepslate":84,"minecraft:pointed_dripstone":4,"minecraft:wheat_seeds":277,"minecraft:water_bucket":2,"minecraft:baked_potato":29,"minecraft:andesite_slab":46,"minecraft:cherry_planks":2,"minecraft:brown_mushroom":1,"minecraft:stonecutter":1,"minecraft:cobblestone_slab":379,"minecraft:oak_slab":1551,"minecraft:crafting_table":5,"minecraft:white_bed":2,"minecraft:spruce_log":30,"minecraft:oak_log":11,"minecraft:diamond_pickaxe":1895,"minecraft:diamond_shovel":3,"minecraft:iron_pickaxe":501,"minecraft:spruce_trapdoor":108,"minecraft:spruce_sapling":66,"minecraft:stone_axe":84,"minecraft:cobbled_deepslate_slab":3,"minecraft:cobblestone":4,"minecraft:porkchop":3,"minecraft:cooked_porkchop":3,"minecraft:bucket":2},"minecraft:broken":{"minecraft:stone_pickaxe":2,"minecraft:stone_axe":1,"minecraft:iron_axe":1,"minecraft:iron_pickaxe":1,"minecraft:golden_pickaxe":1},"minecraft:killed":{"minecraft:zombified_piglin":8,"minecraft:witch":1,"minecraft:spider":3,"minecraft:skeleton":80,"minecraft:magma_cube":2,"minecraft:creeper":77,"minecraft:zombie":87,"minecraft:blaze":8,"minecraft:zoglin":1,"minecraft:hoglin":9},"minecraft:picked_up":{"minecraft:iron_chestplate":2,"minecraft:wheat":306,"minecraft:diamond_sword":5,"minecraft:amethyst_block":22,"minecraft:string":15,"minecraft:raw_copper":133,"minecraft:iron_leggings":4,"minecraft:cobbled_deepslate":177,"minecraft:gold_nugget":254,"minecraft:smooth_stone":13,"minecraft:spruce_planks":114,"minecraft:trial_key":1,"minecraft:cobblestone_slab":451,"minecraft:iron_pickaxe":4,"minecraft:melon_slice":6,"minecraft:furnace":1,"minecraft:iron_boots":1,"minecraft:stick":67,"minecraft:composter":1,"minecraft:oak_fence":47,"minecraft:torch":256,"minecraft:acacia_log":8,"minecraft:porkchop":1880,"minecraft:cherry_log":58,"minecraft:pointed_dripstone":39,"minecraft:diorite":55,"minecraft:rotten_flesh":372,"minecraft:spruce_hanging_sign":3,"minecraft:blaze_rod":24,"minecraft:obsidian":43,"minecraft:cobblestone":230,"minecraft:leather_chestplate":1,"minecraft:polished_diorite_slab":120,"minecraft:magma_cream":2,"minecraft:cherry_planks":26,"minecraft:andesite":41,"minecraft:potato":1093,"minecraft:lapis_lazuli":254,"minecraft:dirt":269,"minecraft:twisting_vines":112,"minecraft:leather_boots":1,"minecraft:bone":120,"minecraft:glass":132,"minecraft:bow":5,"minecraft:wheat_seeds":919,"minecraft:deepslate_brick_slab":19,"minecraft:raw_gold":54,"minecraft:cobbled_deepslate_slab":3,"minecraft:glowstone_dust":148,"minecraft:moss_block":139,"minecraft:stone_hoe":3,"minecraft:oak_planks":213,"minecraft:cooked_porkchop":33,"minecraft:poisonous_potato":8,"minecraft:stripped_spruce_log":1,"minecraft:granite_slab":1,"minecraft:clay":1,"minecraft:diamond":77,"minecraft:spruce_boat":2,"minecraft:polished_granite_slab":10,"minecraft:granite":71,"minecraft:bone_meal":67,"minecraft:golden_apple":4,"minecraft:emerald":57,"minecraft:oak_sapling":40,"minecraft:netherrack":116,"minecraft:andesite_slab":3,"minecraft:diamond_pickaxe":9,"minecraft:mud":136,"minecraft:crafting_table":1,"minecraft:nether_wart":2,"minecraft:clay_ball":184,"minecraft:golden_pickaxe":1,"minecraft:brown_mushroom":1,"minecraft:wooden_pickaxe":2,"minecraft:shield":2,"minecraft:iron_axe":7,"minecraft:iron_shovel":5,"minecraft:blackstone":23,"minecraft:beef":1,"minecraft:spruce_slab":253,"minecraft:spruce_trapdoor":81,"minecraft:cherry_trapdoor":9,"minecraft:raw_iron":70,"minecraft:carrot":54,"minecraft:redstone":216,"minecraft:arrow":131,"minecraft:shears":1,"minecraft:white_wool":2,"minecraft:oxeye_daisy":2,"minecraft:stripped_oak_log":2,"minecraft:golden_carrot":5,"minecraft:burn_pottery_sherd":2,"minecraft:leather":193,"minecraft:yellow_dye":1,"minecraft:oak_log":413,"minecraft:chainmail_chestplate":2,"minecraft:ancient_debris":13,"minecraft:gunpowder":85,"minecraft:apple":5,"minecraft:stone_pickaxe":2,"minecraft:iron_ingot":33,"minecraft:polished_andesite_slab":7,"minecraft:soul_sand":50,"minecraft:iron_sword":4,"minecraft:acacia_sapling":5,"minecraft:oak_slab":375,"minecraft:warped_fungus":8,"minecraft:quartz":53,"minecraft:dandelion":2,"minecraft:dripstone_block":84,"minecraft:gravel":18,"minecraft:spruce_sapling":92,"minecraft:white_bed":1,"minecraft:spruce_log":415,"minecraft:spider_eye":28,"minecraft:diamond_shovel":3,"minecraft:slime_ball":2,"minecraft:polished_diorite":8,"minecraft:stone_axe":2,"minecraft:diamond_axe":7,"minecraft:cherry_sapling":21,"minecraft:warped_roots":25,"minecraft:baked_potato":163,"minecraft:coal":123},"minecraft:mined":{"minecraft:polished_granite_slab":3,"minecraft:spruce_planks":34,"minecraft:white_bed":1,"minecraft:oak_sapling":2,"minecraft:cherry_log":63,"minecraft:obsidian":24,"minecraft:spruce_trapdoor":16,"minecraft:cherry_trapdoor":3,"minecraft:granite":77,"minecraft:acacia_log":8,"minecraft:grass_block":415,"minecraft:polished_diorite":10,"minecraft:composter":1,"minecraft:nether_wart":2,"minecraft:oxeye_daisy":2,"minecraft:smooth_stone":1,"minecraft:glowstone":37,"minecraft:iron_ore":35,"minecraft:cobbled_deepslate":45,"minecraft:fire":2,"minecraft:granite_slab":1,"minecraft:deepslate_lapis_ore":44,"minecraft:twisting_vines":4,"minecraft:pointed_dripstone":2,"minecraft:spruce_slab":32,"minecraft:deepslate_redstone_ore":43,"minecraft:brown_mushroom":1,"minecraft:blackstone":22,"minecraft:twisting_vines_plant":1,"minecraft:clay":54,"minecraft:torch":19,"minecraft:melon":2,"minecraft:mushroom_stem":1,"minecraft:polished_diorite_slab":48,"minecraft:glass":8,"minecraft:nether_quartz_ore":32,"minecraft:cobblestone":36,"minecraft:oak_planks":65,"minecraft:amethyst_block":28,"minecraft:deepslate_copper_ore":36,"minecraft:spruce_wall_hanging_sign":1,"minecraft:acacia_sapling":3,"minecraft:mud":143,"minecraft:wheat":204,"minecraft:warped_fungus":7,"minecraft:oak_log":431,"minecraft:dirt":10,"minecraft:netherrack":62,"minecraft:ancient_debris":17,"minecraft:oak_leaves":412,"minecraft:deepslate":72,"minecraft:nether_gold_ore":33,"minecraft:light_blue_stained_glass_pane":1,"minecraft:deepslate_diamond_ore":66,"minecraft:cherry_sapling":5,"minecraft:cobbled_deepslate_slab":4,"minecraft:brown_mushroom_block":4,"minecraft:polished_andesite_slab":2,"minecraft:spruce_leaves":193,"minecraft:moss_block":169,"minecraft:deepslate_brick_slab":13,"minecraft:redstone_ore":4,"minecraft:spruce_sapling":27,"minecraft:furnace":1,"minecraft:carrots":23,"minecraft:andesite":47,"minecraft:stripped_spruce_log":1,"minecraft:potatoes":248,"minecraft:cobblestone_slab":171,"minecraft:deepslate_iron_ore":54,"minecraft:stripped_oak_log":2,"minecraft:stone":283,"minecraft:podzol":11,"minecraft:spruce_hanging_sign":1,"minecraft:oak_slab":284,"minecraft:acacia_leaves":4,"minecraft:soul_sand":36,"minecraft:dandelion":3,"minecraft:oak_fence":8,"minecraft:crafting_table":1,"minecraft:short_grass":22,"minecraft:andesite_slab":4,"minecraft:tall_grass":11,"minecraft:copper_ore":6,"minecraft:deepslate_coal_ore":73,"minecraft:lapis_ore":2,"minecraft:deepslate_gold_ore":51,"minecraft:sculk":29,"minecraft:diorite":48,"minecraft:spruce_log":435,"minecraft:coal_ore":34,"minecraft:cherry_leaves":30,"minecraft:gravel":8,"minecraft:dripstone_block":120,"minecraft:gold_ore":2,"minecraft:deepslate_emerald_ore":69},"minecraft:killed_by":{"minecraft:zombie_villager":5,"minecraft:zombified_piglin":1,"minecraft:creeper":1,"minecraft:magma_cube":2,"minecraft:blaze":6,"minecraft:witch":1,"minecraft:zombie":4,"minecraft:player":1,"minecraft:hoglin":1,"minecraft:skeleton":1}},"DataVersion":3953}