{"stats":{"minecraft:killed_by":{"minecraft:zombie_villager":4,"minecraft:player":1,"minecraft:creeper":1,"minecraft:witch":1,"minecraft:zombie":2},"minecraft:dropped":{"minecraft:moss_block":22,"minecraft:soul_sand":1,"minecraft:lapis_lazuli":39,"minecraft:oak_log":23,"minecraft:baked_potato":17,"minecraft:diamond":13,"minecraft:dripstone_block":11,"minecraft:cobblestone":39,"minecraft:amethyst_block":6,"minecraft:granite":15,"minecraft:golden_apple":1,"minecraft:coal":9,"minecraft:emerald":6,"minecraft:dirt":42,"minecraft:diorite":6,"minecraft:gold_nugget":16,"minecraft:mud":21,"minecraft:spruce_sapling":2,"minecraft:redstone":29,"minecraft:blackstone":6,"minecraft:ancient_debris":1,"minecraft:polished_diorite_slab":58,"minecraft:cobbled_deepslate":10,"minecraft:wheat":4,"minecraft:clay_ball":20,"minecraft:glowstone_dust":29,"minecraft:spruce_boat":1,"minecraft:diamond_pickaxe":1,"minecraft:andesite":6,"minecraft:raw_gold":5,"minecraft:quartz":2,"minecraft:netherrack":2},"minecraft:used":{"minecraft:oak_fence":34,"minecraft:cherry_sapling":7,"minecraft:iron_shovel":64,"minecraft:spruce_slab":264,"minecraft:spruce_planks":143,"minecraft:iron_sword":79,"minecraft:trial_key":1,"minecraft:wooden_shovel":58,"minecraft:stone_hoe":73,"minecraft:netherrack":15,"minecraft:torch":43,"minecraft:dirt":115,"minecraft:carrot":38,"minecraft:acacia_sapling":4,"minecraft:tuff":45,"minecraft:granite":101,"minecraft:oak_fence_gate":1,"minecraft:obsidian":4,"minecraft:wooden_axe":13,"minecraft:iron_axe":447,"minecraft:cherry_trapdoor":52,"minecraft:golden_carrot":2,"minecraft:bow":13,"minecraft:oak_sapling":1,"minecraft:furnace":2,"minecraft:potato":143,"minecraft:cobbled_deepslate":84,"minecraft:wheat_seeds":185,"minecraft:water_bucket":2,"minecraft:diorite":15,"minecraft:stone_pickaxe":262,"minecraft:baked_potato":27,"minecraft:oak_planks":195,"minecraft:blackstone":8,"minecraft:cobblestone_slab":1,"minecraft:wooden_pickaxe":20,"minecraft:cherry_planks":2,"minecraft:composter":1,"minecraft:diamond_axe":231,"minecraft:oak_slab":489,"minecraft:crafting_table":2,"minecraft:white_bed":1,"minecraft:spruce_log":10,"minecraft:oak_log":1,"minecraft:diamond_pickaxe":888,"minecraft:iron_pickaxe":394,"minecraft:spruce_trapdoor":60,"minecraft:gravel":4,"minecraft:spruce_sapling":44,"minecraft:diamond_sword":63,"minecraft:cobblestone":1,"minecraft:andesite":66,"minecraft:bucket":2,"minecraft:bone_meal":184,"minecraft:oak_trapdoor":22},"minecraft:crafted":{"minecraft:golden_carrot":5,"minecraft:cherry_planks":216,"minecraft:oak_planks":528,"minecraft:furnace":2,"minecraft:cherry_sapling":1,"minecraft:bone_meal":183,"minecraft:diamond_shovel":12,"minecraft:oak_trapdoor":22,"minecraft:cherry_trapdoor":50,"minecraft:diamond_helmet":1,"minecraft:bow":1,"minecraft:iron_boots":1,"minecraft:iron_axe":2,"minecraft:stone_pickaxe":2,"minecraft:netherite_scrap":6,"minecraft:ender_eye":4,"minecraft:oak_fence":48,"minecraft:oak_slab":432,"minecraft:wooden_shovel":1,"minecraft:diamond_sword":1,"minecraft:diamond_axe":2,"minecraft:crafting_table":1,"minecraft:spruce_planks":284,"minecraft:wooden_pickaxe":1,"minecraft:baked_potato":92,"minecraft:iron_sword":1,"minecraft:bucket":1,"minecraft:bone":40,"minecraft:air":0,"minecraft:oak_fence_gate":7,"minecraft:spruce_trapdoor":62,"minecraft:diamond_pickaxe":1,"minecraft:shield":1,"minecraft:stick":220,"minecraft:iron_ingot":47,"minecraft:iron_pickaxe":2,"minecraft:wooden_axe":1,"minecraft:iron_shovel":1,"minecraft:white_bed":1,"minecraft:acacia_sapling":2,"minecraft:acacia_planks":32,"minecraft:torch":104},"minecraft:custom":{"minecraft:mob_kills":83,"minecraft:animals_bred":16,"minecraft:interact_with_crafting_table":33,"minecraft:leave_game":10,"minecraft:time_since_death":8829,"minecraft:sprint_one_cm":308119,"minecraft:walk_one_cm":557356,"minecraft:drop":47,"minecraft:talked_to_villager":23,"minecraft:play_time":234953,"minecraft:deaths":11,"minecraft:sneak_time":86161,"minecraft:walk_under_water_one_cm":5123,"minecraft:boat_one_cm":230,"minecraft:jump":562,"minecraft:interact_with_blast_furnace":23,"minecraft:walk_on_water_one_cm":6652,"minecraft:total_world_time":234953,"minecraft:interact_with_furnace":149,"minecraft:traded_with_villager":6,"minecraft:sleep_in_bed":1,"minecraft:time_since_rest":1332,"minecraft:damage_taken":5032,"minecraft:damage_dealt":7481,"minecraft:swim_one_cm":599,"minecraft:fly_one_cm":31809,"minecraft:open_chest":355,"minecraft:crouch_one_cm":189056,"minecraft:fall_one_cm":4340},"minecraft:picked_up":{"minecraft:mud":83,"minecraft:iron_chestplate":1,"minecraft:crafting_table":1,"minecraft:wheat":248,"minecraft:clay_ball":112,"minecraft:diamond_sword":2,"minecraft:shield":2,"minecraft:amethyst_block":9,"minecraft:string":9,"minecraft:raw_copper":80,"minecraft:iron_axe":3,"minecraft:iron_leggings":3,"minecraft:iron_shovel":4,"minecraft:blackstone":7,"minecraft:gold_nugget":58,"minecraft:cobbled_deepslate":107,"minecraft:spruce_planks":114,"minecraft:trial_key":1,"minecraft:cobblestone_slab":1,"minecraft:spruce_slab":250,"minecraft:iron_pickaxe":4,"minecraft:spruce_trapdoor":5,"minecraft:cherry_trapdoor":9,"minecraft:stick":25,"minecraft:raw_iron":50,"minecraft:composter":1,"minecraft:oak_fence":47,"minecraft:torch":248,"minecraft:acacia_log":8,"minecraft:porkchop":382,"minecraft:cherry_log":50,"minecraft:pointed_dripstone":11,"minecraft:diorite":23,"minecraft:carrot":54,"minecraft:redstone":124,"minecraft:arrow":34,"minecraft:rotten_flesh":107,"minecraft:obsidian":33,"minecraft:white_wool":2,"minecraft:cobblestone":130,"minecraft:oxeye_daisy":2,"minecraft:polished_diorite_slab":58,"minecraft:cherry_planks":26,"minecraft:golden_carrot":5,"minecraft:andesite":22,"minecraft:leather":1,"minecraft:potato":672,"minecraft:oak_log":105,"minecraft:ancient_debris":8,"minecraft:gunpowder":19,"minecraft:lapis_lazuli":157,"minecraft:dirt":185,"minecraft:bone":25,"minecraft:stone_pickaxe":1,"minecraft:wheat_seeds":761,"minecraft:raw_gold":38,"minecraft:iron_ingot":28,"minecraft:glowstone_dust":77,"minecraft:moss_block":80,"minecraft:stone_hoe":3,"minecraft:iron_sword":4,"minecraft:oak_planks":210,"minecraft:acacia_sapling":5,"minecraft:soul_sand":24,"minecraft:oak_slab":280,"minecraft:quartz":37,"minecraft:dandelion":2,"minecraft:poisonous_potato":4,"minecraft:dripstone_block":47,"minecraft:spruce_sapling":40,"minecraft:spruce_log":106,"minecraft:spider_eye":28,"minecraft:diamond_shovel":2,"minecraft:slime_ball":1,"minecraft:diamond":55,"minecraft:spruce_boat":1,"minecraft:diamond_axe":3,"minecraft:granite":49,"minecraft:bone_meal":24,"minecraft:cherry_sapling":20,"minecraft:golden_apple":4,"minecraft:emerald":35,"minecraft:baked_potato":163,"minecraft:oak_sapling":2,"minecraft:netherrack":39,"minecraft:coal":61,"minecraft:diamond_pickaxe":3},"minecraft:broken":{"minecraft:stone_pickaxe":2,"minecraft:iron_axe":1,"minecraft:iron_pickaxe":1},"minecraft:killed":{"minecraft:witch":1,"minecraft:spider":3,"minecraft:zoglin":1,"minecraft:skeleton":16,"minecraft:hoglin":1,"minecraft:creeper":26,"minecraft:zombie":33,"minecraft:blaze":2},"minecraft:mined":{"minecraft:light_blue_stained_glass_pane":1,"minecraft:nether_gold_ore":20,"minecraft:spruce_planks":34,"minecraft:oak_sapling":2,"minecraft:deepslate_diamond_ore":39,"minecraft:cherry_log":54,"minecraft:cherry_sapling":5,"minecraft:obsidian":7,"minecraft:spruce_trapdoor":4,"minecraft:cherry_trapdoor":3,"minecraft:granite":54,"minecraft:acacia_log":8,"minecraft:grass_block":327,"minecraft:spruce_leaves":146,"minecraft:composter":1,"minecraft:moss_block":126,"minecraft:oxeye_daisy":2,"minecraft:redstone_ore":4,"minecraft:glowstone":19,"minecraft:spruce_sapling":22,"minecraft:carrots":23,"minecraft:iron_ore":35,"minecraft:cobbled_deepslate":15,"minecraft:andesite":27,"minecraft:deepslate_lapis_ore":25,"minecraft:potatoes":115,"minecraft:deepslate_iron_ore":27,"minecraft:stone":210,"minecraft:spruce_slab":30,"minecraft:podzol":11,"minecraft:deepslate_redstone_ore":23,"minecraft:oak_slab":202,"minecraft:acacia_leaves":4,"minecraft:soul_sand":19,"minecraft:blackstone":7,"minecraft:dandelion":3,"minecraft:clay":37,"minecraft:oak_fence":8,"minecraft:crafting_table":1,"minecraft:torch":12,"minecraft:short_grass":22,"minecraft:melon":1,"minecraft:nether_quartz_ore":18,"minecraft:copper_ore":6,"minecraft:tall_grass":11,"minecraft:cobblestone":1,"minecraft:deepslate_coal_ore":37,"minecraft:deepslate_gold_ore":30,"minecraft:lapis_ore":2,"minecraft:oak_planks":62,"minecraft:sculk":11,"minecraft:diorite":28,"minecraft:amethyst_block":10,"minecraft:deepslate_copper_ore":21,"minecraft:acacia_sapling":3,"minecraft:mud":97,"minecraft:wheat":145,"minecraft:spruce_log":114,"minecraft:oak_log":113,"minecraft:coal_ore":34,"minecraft:cherry_leaves":22,"minecraft:dripstone_block":84,"minecraft:dirt":7,"minecraft:ancient_debris":7,"minecraft:netherrack":31,"minecraft:gold_ore":2,"minecraft:deepslate_emerald_ore":38,"minecraft:oak_leaves":89,"minecraft:deepslate":41}},"DataVersion":3953}