{"stats":{"minecraft:killed_by":{"minecraft:zombie_villager":4,"minecraft:player":1,"minecraft:creeper":1,"minecraft:skeleton":1,"minecraft:witch":1,"minecraft:zombie":2},"minecraft:dropped":{"minecraft:soul_sand":1,"minecraft:moss_block":22,"minecraft:lapis_lazuli":39,"minecraft:oak_log":23,"minecraft:baked_potato":17,"minecraft:diamond":13,"minecraft:dripstone_block":11,"minecraft:cobblestone":39,"minecraft:amethyst_block":6,"minecraft:granite":15,"minecraft:coal":9,"minecraft:golden_apple":1,"minecraft:emerald":6,"minecraft:dirt":42,"minecraft:diorite":6,"minecraft:gold_nugget":16,"minecraft:mud":21,"minecraft:spruce_sapling":2,"minecraft:redstone":29,"minecraft:blackstone":6,"minecraft:ancient_debris":1,"minecraft:polished_diorite_slab":58,"minecraft:cobbled_deepslate":10,"minecraft:wheat":4,"minecraft:clay_ball":20,"minecraft:glowstone_dust":29,"minecraft:spruce_boat":1,"minecraft:diamond_pickaxe":1,"minecraft:andesite":6,"minecraft:wooden_pickaxe":4,"minecraft:raw_gold":5,"minecraft:quartz":2,"minecraft:netherrack":2},"minecraft:used":{"minecraft:oak_trapdoor":22,"minecraft:cherry_sapling":7,"minecraft:iron_shovel":64,"minecraft:spruce_slab":264,"minecraft:spruce_planks":143,"minecraft:iron_sword":79,"minecraft:wooden_shovel":58,"minecraft:trial_key":1,"minecraft:stone_hoe":73,"minecraft:netherrack":15,"minecraft:torch":43,"minecraft:dirt":115,"minecraft:carrot":38,"minecraft:acacia_sapling":4,"minecraft:tuff":45,"minecraft:granite":101,"minecraft:oak_fence_gate":1,"minecraft:obsidian":4,"minecraft:spruce_boat":1,"minecraft:wooden_axe":13,"minecraft:iron_axe":447,"minecraft:cherry_trapdoor":52,"minecraft:golden_carrot":2,"minecraft:bow":13,"minecraft:oak_sapling":1,"minecraft:furnace":2,"minecraft:potato":143,"minecraft:cobbled_deepslate":84,"minecraft:wheat_seeds":185,"minecraft:water_bucket":2,"minecraft:diorite":15,"minecraft:baked_potato":29,"minecraft:oak_planks":195,"minecraft:stone_pickaxe":351,"minecraft:wooden_pickaxe":20,"minecraft:blackstone":8,"minecraft:diamond_axe":248,"minecraft:cherry_planks":2,"minecraft:composter":1,"minecraft:cobblestone_slab":1,"minecraft:oak_slab":489,"minecraft:crafting_table":2,"minecraft:white_bed":1,"minecraft:spruce_log":10,"minecraft:oak_log":1,"minecraft:diamond_pickaxe":888,"minecraft:diamond_shovel":2,"minecraft:iron_pickaxe":394,"minecraft:spruce_trapdoor":60,"minecraft:gravel":4,"minecraft:spruce_sapling":44,"minecraft:diamond_sword":167,"minecraft:cobblestone":1,"minecraft:andesite":66,"minecraft:bucket":2,"minecraft:golden_pickaxe":19,"minecraft:bone_meal":184,"minecraft:oak_fence":34},"minecraft:crafted":{"minecraft:golden_carrot":5,"minecraft:cherry_planks":216,"minecraft:oak_planks":556,"minecraft:furnace":2,"minecraft:cherry_sapling":1,"minecraft:bone_meal":183,"minecraft:diamond_shovel":12,"minecraft:oak_trapdoor":22,"minecraft:cherry_trapdoor":50,"minecraft:diamond_helmet":1,"minecraft:bow":1,"minecraft:iron_boots":1,"minecraft:iron_axe":2,"minecraft:stone_pickaxe":2,"minecraft:netherite_scrap":6,"minecraft:ender_eye":4,"minecraft:oak_fence":48,"minecraft:oak_slab":432,"minecraft:wooden_shovel":1,"minecraft:diamond_sword":1,"minecraft:cooked_porkchop":17,"minecraft:diamond_axe":2,"minecraft:crafting_table":1,"minecraft:spruce_planks":284,"minecraft:wooden_pickaxe":1,"minecraft:baked_potato":92,"minecraft:iron_sword":1,"minecraft:bone":40,"minecraft:bucket":1,"minecraft:air":0,"minecraft:oak_fence_gate":7,"minecraft:spruce_trapdoor":62,"minecraft:diamond_pickaxe":1,"minecraft:shield":1,"minecraft:stick":224,"minecraft:iron_ingot":50,"minecraft:iron_pickaxe":2,"minecraft:wooden_axe":1,"minecraft:iron_shovel":1,"minecraft:white_bed":1,"minecraft:acacia_sapling":2,"minecraft:acacia_planks":32,"minecraft:torch":104},"minecraft:custom":{"minecraft:mob_kills":238,"minecraft:animals_bred":16,"minecraft:interact_with_crafting_table":35,"minecraft:leave_game":11,"minecraft:time_since_death":4559,"minecraft:sprint_one_cm":333242,"minecraft:walk_one_cm":572952,"minecraft:drop":51,"minecraft:talked_to_villager":23,"minecraft:play_time":257571,"minecraft:deaths":12,"minecraft:sneak_time":90314,"minecraft:walk_under_water_one_cm":5123,"minecraft:boat_one_cm":230,"minecraft:jump":587,"minecraft:interact_with_blast_furnace":24,"minecraft:walk_on_water_one_cm":6652,"minecraft:total_world_time":257571,"minecraft:interact_with_furnace":162,"minecraft:traded_with_villager":6,"minecraft:sleep_in_bed":1,"minecraft:time_since_rest":4583,"minecraft:damage_taken":5438,"minecraft:damage_dealt":12055,"minecraft:swim_one_cm":599,"minecraft:fly_one_cm":36408,"minecraft:open_chest":417,"minecraft:crouch_one_cm":202221,"minecraft:fall_one_cm":4549},"minecraft:picked_up":{"minecraft:mud":86,"minecraft:crafting_table":1,"minecraft:iron_chestplate":1,"minecraft:wheat":248,"minecraft:clay_ball":128,"minecraft:golden_pickaxe":1,"minecraft:diamond_sword":3,"minecraft:wooden_pickaxe":2,"minecraft:shield":2,"minecraft:amethyst_block":12,"minecraft:string":11,"minecraft:raw_copper":80,"minecraft:iron_axe":3,"minecraft:iron_leggings":3,"minecraft:iron_shovel":5,"minecraft:blackstone":9,"minecraft:gold_nugget":68,"minecraft:cobbled_deepslate":116,"minecraft:spruce_planks":114,"minecraft:trial_key":1,"minecraft:cobblestone_slab":1,"minecraft:iron_pickaxe":4,"minecraft:spruce_slab":251,"minecraft:spruce_trapdoor":5,"minecraft:cherry_trapdoor":9,"minecraft:stick":25,"minecraft:raw_iron":53,"minecraft:composter":1,"minecraft:oak_fence":47,"minecraft:torch":248,"minecraft:acacia_log":8,"minecraft:porkchop":382,"minecraft:cherry_log":50,"minecraft:pointed_dripstone":11,"minecraft:diorite":25,"minecraft:carrot":54,"minecraft:redstone":124,"minecraft:arrow":91,"minecraft:rotten_flesh":153,"minecraft:shears":1,"minecraft:obsidian":33,"minecraft:white_wool":2,"minecraft:cobblestone":139,"minecraft:oxeye_daisy":2,"minecraft:leather_chestplate":1,"minecraft:polished_diorite_slab":58,"minecraft:cherry_planks":26,"minecraft:golden_carrot":5,"minecraft:andesite":23,"minecraft:leather":1,"minecraft:yellow_dye":1,"minecraft:potato":673,"minecraft:oak_log":113,"minecraft:chainmail_chestplate":2,"minecraft:ancient_debris":8,"minecraft:gunpowder":66,"minecraft:lapis_lazuli":163,"minecraft:dirt":199,"minecraft:leather_boots":1,"minecraft:bone":82,"minecraft:bow":1,"minecraft:wheat_seeds":761,"minecraft:raw_gold":38,"minecraft:iron_ingot":30,"minecraft:stone_pickaxe":2,"minecraft:glowstone_dust":93,"minecraft:moss_block":86,"minecraft:stone_hoe":3,"minecraft:iron_sword":4,"minecraft:oak_planks":211,"minecraft:acacia_sapling":5,"minecraft:soul_sand":25,"minecraft:oak_slab":286,"minecraft:quartz":39,"minecraft:dandelion":2,"minecraft:poisonous_potato":4,"minecraft:dripstone_block":56,"minecraft:spruce_sapling":40,"minecraft:spruce_log":106,"minecraft:spider_eye":28,"minecraft:diamond_shovel":3,"minecraft:slime_ball":2,"minecraft:clay":1,"minecraft:diamond":55,"minecraft:spruce_boat":2,"minecraft:granite":54,"minecraft:diamond_axe":4,"minecraft:bone_meal":24,"minecraft:cherry_sapling":20,"minecraft:golden_apple":4,"minecraft:emerald":35,"minecraft:baked_potato":163,"minecraft:oak_sapling":2,"minecraft:netherrack":41,"minecraft:coal":69,"minecraft:diamond_pickaxe":3},"minecraft:broken":{"minecraft:stone_pickaxe":2,"minecraft:iron_axe":1,"minecraft:iron_pickaxe":1,"minecraft:golden_pickaxe":1},"minecraft:killed":{"minecraft:witch":1,"minecraft:spider":3,"minecraft:zoglin":1,"minecraft:skeleton":75,"minecraft:hoglin":1,"minecraft:creeper":75,"minecraft:zombie":79,"minecraft:blaze":2},"minecraft:mined":{"minecraft:light_blue_stained_glass_pane":1,"minecraft:nether_gold_ore":21,"minecraft:spruce_planks":34,"minecraft:oak_sapling":2,"minecraft:deepslate_diamond_ore":39,"minecraft:cherry_log":54,"minecraft:cherry_sapling":5,"minecraft:obsidian":7,"minecraft:spruce_trapdoor":4,"minecraft:cherry_trapdoor":3,"minecraft:granite":59,"minecraft:acacia_log":8,"minecraft:grass_block":341,"minecraft:spruce_leaves":153,"minecraft:composter":1,"minecraft:moss_block":133,"minecraft:oxeye_daisy":2,"minecraft:redstone_ore":4,"minecraft:glowstone":23,"minecraft:spruce_sapling":22,"minecraft:carrots":23,"minecraft:iron_ore":35,"minecraft:cobbled_deepslate":15,"minecraft:andesite":28,"minecraft:deepslate_lapis_ore":26,"minecraft:potatoes":115,"minecraft:deepslate_iron_ore":30,"minecraft:stone":217,"minecraft:spruce_slab":30,"minecraft:podzol":11,"minecraft:deepslate_redstone_ore":23,"minecraft:oak_slab":204,"minecraft:acacia_leaves":4,"minecraft:soul_sand":22,"minecraft:blackstone":8,"minecraft:dandelion":3,"minecraft:clay":40,"minecraft:oak_fence":8,"minecraft:crafting_table":1,"minecraft:torch":12,"minecraft:short_grass":22,"minecraft:melon":1,"minecraft:nether_quartz_ore":19,"minecraft:copper_ore":6,"minecraft:tall_grass":11,"minecraft:cobblestone":1,"minecraft:deepslate_coal_ore":41,"minecraft:deepslate_gold_ore":30,"minecraft:lapis_ore":2,"minecraft:oak_planks":63,"minecraft:sculk":13,"minecraft:diorite":31,"minecraft:amethyst_block":12,"minecraft:deepslate_copper_ore":21,"minecraft:acacia_sapling":3,"minecraft:mud":100,"minecraft:wheat":145,"minecraft:spruce_log":114,"minecraft:coal_ore":34,"minecraft:oak_log":123,"minecraft:cherry_leaves":22,"minecraft:dirt":7,"minecraft:dripstone_block":91,"minecraft:ancient_debris":7,"minecraft:netherrack":33,"minecraft:gold_ore":2,"minecraft:deepslate_emerald_ore":38,"minecraft:oak_leaves":94,"minecraft:deepslate":46}},"DataVersion":3953}