{"stats":{"minecraft:used":{"minecraft:stone_axe":7,"minecraft:moss_block":8,"minecraft:wooden_axe":32,"minecraft:dirt":11,"minecraft:oak_sapling":1,"minecraft:stone_pickaxe":12,"minecraft:wooden_pickaxe":5,"minecraft:wooden_shovel":67},"minecraft:picked_up":{"minecraft:stick":4,"minecraft:mud":12,"minecraft:oak_log":32,"minecraft:oak_sapling":1,"minecraft:moss_block":52,"minecraft:dirt":75,"minecraft:cobblestone":11},"minecraft:custom":{"minecraft:time_since_rest":9305,"minecraft:open_chest":5,"minecraft:crouch_one_cm":2909,"minecraft:play_time":9305,"minecraft:walk_one_cm":8436,"minecraft:sneak_time":2301,"minecraft:jump":1,"minecraft:time_since_death":9305,"minecraft:total_world_time":9305,"minecraft:talked_to_villager":2,"minecraft:interact_with_crafting_table":6},"minecraft:mined":{"minecraft:grass_block":63,"minecraft:oak_log":27,"minecraft:mud":19,"minecraft:dirt":4,"minecraft:spruce_leaves":12,"minecraft:stone":9,"minecraft:moss_block":37,"minecraft:oak_leaves":12},"minecraft:crafted":{"minecraft:oak_planks":44,"minecraft:wooden_shovel":2,"minecraft:stone_axe":1,"minecraft:stick":8,"minecraft:wooden_pickaxe":1,"minecraft:stone_pickaxe":1,"minecraft:wooden_axe":1},"minecraft:broken":{"minecraft:wooden_shovel":1}},"DataVersion":3953}