{"stats":{"minecraft:killed_by":{"minecraft:piglin":1,"minecraft:blaze":2,"minecraft:zombie":1},"minecraft:dropped":{"minecraft:iron_ingot":17,"minecraft:iron_sword":2,"minecraft:oak_slab":64,"minecraft:lapis_lazuli":8,"minecraft:oak_log":7,"minecraft:baked_potato":24,"minecraft:diamond":8,"minecraft:cobblestone":2,"minecraft:granite":2,"minecraft:coal":2,"minecraft:emerald":1,"minecraft:dirt":34,"minecraft:diorite":1,"minecraft:iron_leggings":3,"minecraft:bone_meal":24,"minecraft:iron_axe":1,"minecraft:iron_shovel":1,"minecraft:wheat":4,"minecraft:obsidian":1,"minecraft:clay_ball":4,"minecraft:iron_boots":1,"minecraft:diamond_sword":1,"minecraft:potato":34,"minecraft:trial_key":1,"minecraft:diamond_pickaxe":3,"minecraft:iron_chestplate":2,"minecraft:andesite":1},"minecraft:crafted":{"minecraft:smooth_stone":7,"minecraft:oak_planks":76,"minecraft:sand":130,"minecraft:furnace":1,"minecraft:blast_furnace":1,"minecraft:stone":24,"minecraft:bone_meal":42,"minecraft:diamond_shovel":1,"minecraft:moss_carpet":3,"minecraft:flint_and_steel":1,"minecraft:diamond_leggings":1,"minecraft:leather":1,"minecraft:rabbit_hide":6,"minecraft:iron_axe":1,"minecraft:melon_seeds":2,"minecraft:spruce_slab":102,"minecraft:stone_pickaxe":1,"minecraft:cow_spawn_egg":4,"minecraft:netherite_scrap":4,"minecraft:stone_hoe":1,"minecraft:ender_eye":3,"minecraft:oak_fence":24,"minecraft:tuff":45,"minecraft:oak_slab":24,"minecraft:crafting_table":1,"minecraft:spruce_planks":176,"minecraft:baked_potato":56,"minecraft:iron_sword":4,"minecraft:smithing_table":1,"minecraft:wheat_seeds":40,"minecraft:sheep_spawn_egg":1,"minecraft:bone":14,"minecraft:stone_axe":1,"minecraft:air":0,"minecraft:oak_fence_gate":1,"minecraft:spruce_trapdoor":18,"minecraft:iron_chestplate":2,"minecraft:diamond_pickaxe":1,"minecraft:charcoal":51,"minecraft:shield":3,"minecraft:stick":28,"minecraft:iron_ingot":70,"minecraft:iron_pickaxe":3,"minecraft:iron_leggings":3,"minecraft:gold_ingot":68,"minecraft:netherite_ingot":1,"minecraft:carrot":5,"minecraft:shears":1,"minecraft:clay":6,"minecraft:diamond_chestplate":1,"minecraft:trial_key":1},"minecraft:used":{"minecraft:oak_fence":22,"minecraft:moss_block":136,"minecraft:flint_and_steel":1,"minecraft:spruce_slab":39,"minecraft:spruce_planks":1,"minecraft:shield":23,"minecraft:iron_sword":22,"minecraft:torch":2,"minecraft:dirt":114,"minecraft:carrot":13,"minecraft:oak_fence_gate":1,"minecraft:obsidian":1,"minecraft:iron_axe":148,"minecraft:diamond_chestplate":1,"minecraft:bow":31,"minecraft:oak_sapling":3,"minecraft:potato":71,"minecraft:wheat_seeds":65,"minecraft:stone_pickaxe":145,"minecraft:baked_potato":12,"minecraft:polished_diorite_slab":8,"minecraft:oak_slab":7,"minecraft:crafting_table":1,"minecraft:blast_furnace":1,"minecraft:dripstone_block":4,"minecraft:oak_log":3,"minecraft:mud":1,"minecraft:diamond_pickaxe":836,"minecraft:diamond_shovel":72,"minecraft:iron_pickaxe":755,"minecraft:spruce_trapdoor":15,"minecraft:spruce_sapling":2,"minecraft:gravel":16,"minecraft:stone_axe":47,"minecraft:diamond_sword":11,"minecraft:cobblestone":4,"minecraft:cooked_porkchop":3,"minecraft:smithing_table":1,"minecraft:diamond_leggings":1,"minecraft:dandelion":1,"minecraft:bone_meal":53},"minecraft:picked_up":{"minecraft:mud":160,"minecraft:iron_chestplate":2,"minecraft:crafting_table":1,"minecraft:wheat":36,"minecraft:azure_bluet":1,"minecraft:chainmail_boots":1,"minecraft:clay_ball":280,"minecraft:smithing_table":1,"minecraft:diamond_sword":2,"minecraft:enchanted_book":1,"minecraft:amethyst_block":9,"minecraft:raw_copper":149,"minecraft:iron_axe":3,"minecraft:iron_leggings":1,"minecraft:iron_shovel":1,"minecraft:blackstone":34,"minecraft:gold_nugget":63,"minecraft:cobbled_deepslate":70,"minecraft:spruce_planks":1,"minecraft:iron_pickaxe":1,"minecraft:spruce_slab":3,"minecraft:spruce_trapdoor":2,"minecraft:iron_boots":1,"minecraft:stick":20,"minecraft:raw_iron":95,"minecraft:oak_fence":4,"minecraft:torch":49,"minecraft:porkchop":60,"minecraft:cherry_log":4,"minecraft:pointed_dripstone":136,"minecraft:diorite":65,"minecraft:carrot":32,"minecraft:redstone":225,"minecraft:arrow":127,"minecraft:rotten_flesh":25,"minecraft:gold_ingot":4,"minecraft:blaze_rod":4,"minecraft:obsidian":2,"minecraft:white_wool":1,"minecraft:cobblestone":356,"minecraft:oxeye_daisy":1,"minecraft:polished_diorite_slab":11,"minecraft:golden_carrot":3,"minecraft:andesite":59,"minecraft:leather":46,"minecraft:potato":252,"minecraft:flint":1,"minecraft:oak_log":177,"minecraft:ancient_debris":11,"minecraft:gunpowder":1,"minecraft:lapis_lazuli":350,"minecraft:dirt":425,"minecraft:twisting_vines":6,"minecraft:leather_boots":1,"minecraft:apple":1,"minecraft:bow":1,"minecraft:wheat_seeds":82,"minecraft:raw_gold":49,"minecraft:iron_ingot":23,"minecraft:oak_fence_gate":7,"minecraft:glowstone_dust":77,"minecraft:moss_block":238,"minecraft:iron_sword":2,"minecraft:oak_planks":3,"minecraft:soul_sand":9,"minecraft:oak_slab":72,"minecraft:cooked_porkchop":51,"minecraft:quartz":16,"minecraft:dandelion":1,"minecraft:poisonous_potato":4,"minecraft:dripstone_block":141,"minecraft:gravel":38,"minecraft:spruce_sapling":19,"minecraft:spruce_log":11,"minecraft:diamond":60,"minecraft:granite":73,"minecraft:bone_meal":36,"minecraft:cherry_sapling":6,"minecraft:warped_roots":3,"minecraft:emerald":54,"minecraft:baked_potato":37,"minecraft:oak_sapling":10,"minecraft:netherrack":18,"minecraft:coal":105,"minecraft:diamond_pickaxe":4},"minecraft:custom":{"minecraft:interact_with_smithing_table":1,"minecraft:mob_kills":22,"minecraft:animals_bred":6,"minecraft:interact_with_crafting_table":43,"minecraft:leave_game":3,"minecraft:time_since_death":10459,"minecraft:sprint_one_cm":81819,"minecraft:walk_one_cm":490428,"minecraft:damage_blocked_by_shield":1755,"minecraft:drop":40,"minecraft:talked_to_villager":58,"minecraft:play_time":190065,"minecraft:deaths":6,"minecraft:sneak_time":38043,"minecraft:walk_under_water_one_cm":7080,"minecraft:jump":711,"minecraft:interact_with_blast_furnace":35,"minecraft:walk_on_water_one_cm":2729,"minecraft:total_world_time":190065,"minecraft:interact_with_furnace":97,"minecraft:traded_with_villager":25,"minecraft:time_since_rest":10534,"minecraft:damage_taken":2815,"minecraft:damage_dealt":2123,"minecraft:fly_one_cm":66885,"minecraft:open_chest":375,"minecraft:crouch_one_cm":119984,"minecraft:fall_one_cm":12258},"minecraft:broken":{"minecraft:stone_pickaxe":1,"minecraft:iron_pickaxe":3},"minecraft:killed":{"minecraft:skeleton":1,"minecraft:hoglin":4,"minecraft:creeper":2,"minecraft:zombie":6,"minecraft:blaze":8},"minecraft:mined":{"minecraft:nether_gold_ore":8,"minecraft:spruce_planks":1,"minecraft:oak_sapling":1,"minecraft:deepslate_diamond_ore":51,"minecraft:obsidian":1,"minecraft:spruce_trapdoor":5,"minecraft:granite":54,"minecraft:grass_block":235,"minecraft:spruce_leaves":94,"minecraft:moss_block":136,"minecraft:redstone_ore":10,"minecraft:glowstone":12,"minecraft:carrots":28,"minecraft:iron_ore":44,"minecraft:fire":1,"minecraft:cobbled_deepslate":1,"minecraft:andesite":49,"minecraft:deepslate_lapis_ore":30,"minecraft:potatoes":52,"minecraft:cobblestone_slab":3,"minecraft:deepslate_iron_ore":56,"minecraft:stone":288,"minecraft:spruce_slab":2,"minecraft:podzol":75,"minecraft:smithing_table":1,"minecraft:deepslate_redstone_ore":28,"minecraft:oak_slab":22,"minecraft:blackstone":1,"minecraft:soul_sand":11,"minecraft:clay":47,"minecraft:crafting_table":1,"minecraft:torch":1,"minecraft:glass":1,"minecraft:nether_quartz_ore":8,"minecraft:copper_ore":7,"minecraft:cobblestone":1,"minecraft:deepslate_coal_ore":37,"minecraft:lapis_ore":12,"minecraft:deepslate_gold_ore":36,"minecraft:oak_planks":3,"minecraft:diorite":56,"minecraft:amethyst_block":1,"minecraft:deepslate_copper_ore":31,"minecraft:mud":85,"minecraft:wheat":35,"minecraft:spruce_log":1,"minecraft:oak_log":119,"minecraft:coal_ore":51,"minecraft:gravel":16,"minecraft:dripstone_block":108,"minecraft:dirt":11,"minecraft:netherrack":14,"minecraft:ancient_debris":10,"minecraft:gold_ore":14,"minecraft:deepslate_emerald_ore":42,"minecraft:oak_leaves":102,"minecraft:deepslate":36}},"DataVersion":3953}