{"stats":{"minecraft:used":{"minecraft:oak_fence":22,"minecraft:moss_block":125,"minecraft:flint_and_steel":1,"minecraft:spruce_slab":39,"minecraft:spruce_planks":1,"minecraft:shield":1,"minecraft:iron_sword":22,"minecraft:torch":2,"minecraft:dirt":114,"minecraft:carrot":13,"minecraft:oak_fence_gate":1,"minecraft:obsidian":1,"minecraft:iron_axe":147,"minecraft:oak_sapling":3,"minecraft:potato":71,"minecraft:wheat_seeds":65,"minecraft:stone_pickaxe":145,"minecraft:baked_potato":10,"minecraft:oak_slab":7,"minecraft:crafting_table":1,"minecraft:blast_furnace":1,"minecraft:dripstone_block":3,"minecraft:oak_log":3,"minecraft:diamond_pickaxe":830,"minecraft:diamond_shovel":72,"minecraft:iron_pickaxe":749,"minecraft:spruce_sapling":2,"minecraft:gravel":16,"minecraft:stone_axe":47,"minecraft:cobblestone":1,"minecraft:smithing_table":1,"minecraft:dandelion":1,"minecraft:bone_meal":53},"minecraft:picked_up":{"minecraft:mud":107,"minecraft:crafting_table":1,"minecraft:wheat":36,"minecraft:azure_bluet":1,"minecraft:clay_ball":252,"minecraft:smithing_table":1,"minecraft:enchanted_book":1,"minecraft:amethyst_block":9,"minecraft:raw_copper":147,"minecraft:iron_axe":3,"minecraft:iron_shovel":1,"minecraft:blackstone":8,"minecraft:gold_nugget":56,"minecraft:cobbled_deepslate":56,"minecraft:spruce_planks":1,"minecraft:spruce_slab":3,"minecraft:stick":20,"minecraft:raw_iron":94,"minecraft:oak_fence":4,"minecraft:torch":49,"minecraft:cherry_log":4,"minecraft:pointed_dripstone":6,"minecraft:diorite":65,"minecraft:carrot":32,"minecraft:redstone":225,"minecraft:arrow":1,"minecraft:rotten_flesh":5,"minecraft:gold_ingot":4,"minecraft:obsidian":2,"minecraft:white_wool":1,"minecraft:cobblestone":356,"minecraft:oxeye_daisy":1,"minecraft:golden_carrot":3,"minecraft:andesite":58,"minecraft:potato":157,"minecraft:flint":1,"minecraft:oak_log":176,"minecraft:ancient_debris":11,"minecraft:gunpowder":1,"minecraft:lapis_lazuli":346,"minecraft:dirt":425,"minecraft:apple":1,"minecraft:bow":1,"minecraft:wheat_seeds":82,"minecraft:raw_gold":49,"minecraft:iron_ingot":23,"minecraft:oak_fence_gate":7,"minecraft:glowstone_dust":75,"minecraft:moss_block":186,"minecraft:oak_planks":3,"minecraft:iron_sword":2,"minecraft:soul_sand":8,"minecraft:oak_slab":72,"minecraft:quartz":16,"minecraft:dandelion":1,"minecraft:gravel":38,"minecraft:poisonous_potato":2,"minecraft:dripstone_block":139,"minecraft:spruce_sapling":19,"minecraft:spruce_log":11,"minecraft:diamond":60,"minecraft:granite":73,"minecraft:cherry_sapling":6,"minecraft:bone_meal":36,"minecraft:emerald":54,"minecraft:baked_potato":37,"minecraft:oak_sapling":10,"minecraft:netherrack":14,"minecraft:coal":105,"minecraft:diamond_pickaxe":4},"minecraft:dropped":{"minecraft:iron_ingot":17,"minecraft:iron_sword":2,"minecraft:oak_slab":64,"minecraft:lapis_lazuli":8,"minecraft:oak_log":7,"minecraft:baked_potato":24,"minecraft:diamond":8,"minecraft:cobblestone":2,"minecraft:granite":2,"minecraft:coal":2,"minecraft:emerald":1,"minecraft:dirt":34,"minecraft:diorite":1,"minecraft:iron_leggings":2,"minecraft:bone_meal":24,"minecraft:iron_axe":1,"minecraft:iron_shovel":1,"minecraft:wheat":4,"minecraft:obsidian":1,"minecraft:clay_ball":4,"minecraft:potato":34,"minecraft:trial_key":1,"minecraft:iron_chestplate":1,"minecraft:diamond_pickaxe":3,"minecraft:andesite":1},"minecraft:killed":{"minecraft:skeleton":1,"minecraft:creeper":2,"minecraft:zombie":6},"minecraft:custom":{"minecraft:interact_with_smithing_table":1,"minecraft:mob_kills":9,"minecraft:animals_bred":6,"minecraft:interact_with_crafting_table":41,"minecraft:leave_game":2,"minecraft:time_since_death":97220,"minecraft:sprint_one_cm":74047,"minecraft:walk_one_cm":443254,"minecraft:damage_blocked_by_shield":60,"minecraft:drop":36,"minecraft:talked_to_villager":58,"minecraft:play_time":162824,"minecraft:deaths":2,"minecraft:sneak_time":30172,"minecraft:walk_under_water_one_cm":7080,"minecraft:jump":500,"minecraft:interact_with_blast_furnace":34,"minecraft:walk_on_water_one_cm":2627,"minecraft:total_world_time":162824,"minecraft:interact_with_furnace":90,"minecraft:traded_with_villager":25,"minecraft:time_since_rest":97248,"minecraft:damage_taken":1353,"minecraft:damage_dealt":1389,"minecraft:fly_one_cm":60506,"minecraft:open_chest":317,"minecraft:crouch_one_cm":77597,"minecraft:fall_one_cm":8871},"minecraft:mined":{"minecraft:nether_gold_ore":8,"minecraft:spruce_planks":1,"minecraft:oak_sapling":1,"minecraft:deepslate_diamond_ore":51,"minecraft:obsidian":1,"minecraft:spruce_trapdoor":1,"minecraft:granite":54,"minecraft:grass_block":235,"minecraft:spruce_leaves":94,"minecraft:moss_block":133,"minecraft:redstone_ore":10,"minecraft:glowstone":12,"minecraft:carrots":28,"minecraft:iron_ore":44,"minecraft:andesite":48,"minecraft:deepslate_lapis_ore":29,"minecraft:potatoes":34,"minecraft:deepslate_iron_ore":55,"minecraft:stone":288,"minecraft:spruce_slab":2,"minecraft:smithing_table":1,"minecraft:podzol":75,"minecraft:deepslate_redstone_ore":28,"minecraft:oak_slab":22,"minecraft:blackstone":1,"minecraft:soul_sand":10,"minecraft:crafting_table":1,"minecraft:clay":47,"minecraft:torch":1,"minecraft:nether_quartz_ore":8,"minecraft:copper_ore":7,"minecraft:cobblestone":1,"minecraft:deepslate_coal_ore":37,"minecraft:lapis_ore":12,"minecraft:deepslate_gold_ore":36,"minecraft:oak_planks":3,"minecraft:diorite":56,"minecraft:amethyst_block":1,"minecraft:deepslate_copper_ore":30,"minecraft:mud":85,"minecraft:wheat":35,"minecraft:spruce_log":1,"minecraft:oak_log":118,"minecraft:coal_ore":51,"minecraft:gravel":16,"minecraft:dripstone_block":107,"minecraft:dirt":11,"minecraft:ancient_debris":10,"minecraft:netherrack":13,"minecraft:oak_leaves":102,"minecraft:gold_ore":14,"minecraft:deepslate_emerald_ore":42,"minecraft:deepslate":36},"minecraft:killed_by":{"minecraft:zombie":1},"minecraft:crafted":{"minecraft:smooth_stone":7,"minecraft:oak_planks":64,"minecraft:sand":130,"minecraft:furnace":1,"minecraft:blast_furnace":1,"minecraft:stone":7,"minecraft:bone_meal":42,"minecraft:diamond_shovel":1,"minecraft:moss_carpet":3,"minecraft:flint_and_steel":1,"minecraft:diamond_leggings":1,"minecraft:leather":1,"minecraft:rabbit_hide":6,"minecraft:iron_axe":1,"minecraft:melon_seeds":2,"minecraft:spruce_slab":102,"minecraft:stone_pickaxe":1,"minecraft:cow_spawn_egg":4,"minecraft:netherite_scrap":4,"minecraft:ender_eye":3,"minecraft:stone_hoe":1,"minecraft:oak_fence":24,"minecraft:tuff":45,"minecraft:oak_slab":24,"minecraft:crafting_table":1,"minecraft:spruce_planks":120,"minecraft:baked_potato":33,"minecraft:iron_sword":4,"minecraft:smithing_table":1,"minecraft:wheat_seeds":40,"minecraft:sheep_spawn_egg":1,"minecraft:bone":14,"minecraft:stone_axe":1,"minecraft:air":0,"minecraft:oak_fence_gate":1,"minecraft:iron_chestplate":2,"minecraft:diamond_pickaxe":1,"minecraft:charcoal":51,"minecraft:shield":2,"minecraft:stick":28,"minecraft:iron_ingot":69,"minecraft:iron_pickaxe":3,"minecraft:iron_leggings":3,"minecraft:gold_ingot":68,"minecraft:netherite_ingot":1,"minecraft:carrot":5,"minecraft:shears":1,"minecraft:clay":6,"minecraft:diamond_chestplate":1,"minecraft:trial_key":1},"minecraft:broken":{"minecraft:stone_pickaxe":1,"minecraft:iron_pickaxe":3}},"DataVersion":3953}