{"stats":{"minecraft:dropped":{"minecraft:moss_block":1,"minecraft:oak_log":1,"minecraft:cobblestone":4,"minecraft:emerald":1,"minecraft:dirt":1,"minecraft:iron_pickaxe":1,"minecraft:spruce_sapling":1,"minecraft:gold_ingot":4,"minecraft:bone":1,"minecraft:stone_shovel":1,"minecraft:pointed_dripstone":64,"minecraft:oak_planks":1,"minecraft:gunpowder":1,"minecraft:spruce_trapdoor":1,"minecraft:andesite":2,"minecraft:spruce_log":128,"minecraft:arrow":1,"minecraft:raw_gold":3},"minecraft:crafted":{"minecraft:oak_planks":76,"minecraft:stone_shovel":1,"minecraft:pointed_dripstone":72,"minecraft:glass":6,"minecraft:bow":1,"minecraft:iron_axe":1,"minecraft:melon_seeds":1,"minecraft:spruce_slab":360,"minecraft:stone_pickaxe":1,"minecraft:chest":8,"minecraft:cow_spawn_egg":1,"minecraft:spruce_boat":1,"minecraft:glass_bottle":3,"minecraft:crafting_table":1,"minecraft:spruce_planks":204,"minecraft:baked_potato":60,"minecraft:brewing_stand":1,"minecraft:stone_axe":3,"minecraft:air":0,"minecraft:oak_boat":1,"minecraft:diamond_pickaxe":1,"minecraft:wooden_hoe":1,"minecraft:charcoal":7,"minecraft:golden_apple":1,"minecraft:shield":1,"minecraft:stick":24,"minecraft:iron_ingot":24,"minecraft:iron_pickaxe":1,"minecraft:stone_sword":2,"minecraft:gold_ingot":2,"minecraft:shears":1},"minecraft:used":{"minecraft:moss_block":27,"minecraft:cherry_sapling":2,"minecraft:stone_sword":202,"minecraft:stone_shovel":126,"minecraft:spruce_slab":132,"minecraft:chest":10,"minecraft:spruce_planks":3,"minecraft:shield":6,"minecraft:stone_hoe":25,"minecraft:torch":7,"minecraft:brewing_stand":1,"minecraft:dirt":117,"minecraft:carrot":34,"minecraft:granite":3,"minecraft:spruce_boat":3,"minecraft:iron_axe":237,"minecraft:melon_seeds":2,"minecraft:spruce_hanging_sign":1,"minecraft:bow":45,"minecraft:potato":11,"minecraft:pointed_dripstone":3,"minecraft:wheat_seeds":19,"minecraft:water_bucket":13,"minecraft:stone_pickaxe":210,"minecraft:baked_potato":11,"minecraft:oak_planks":7,"minecraft:wooden_pickaxe":52,"minecraft:composter":1,"minecraft:oak_slab":30,"minecraft:crafting_table":3,"minecraft:dripstone_block":2,"minecraft:spruce_log":102,"minecraft:wooden_hoe":59,"minecraft:flower_pot":2,"minecraft:diamond_pickaxe":150,"minecraft:iron_pickaxe":249,"minecraft:melon_slice":10,"minecraft:spruce_sapling":15,"minecraft:stone_axe":384,"minecraft:cobblestone":13,"minecraft:bucket":12,"minecraft:oak_boat":6,"minecraft:dandelion":1,"minecraft:bone_meal":4,"minecraft:chainmail_leggings":1},"minecraft:custom":{"minecraft:mob_kills":114,"minecraft:interact_with_crafting_table":29,"minecraft:leave_game":2,"minecraft:time_since_death":163549,"minecraft:sprint_one_cm":256655,"minecraft:walk_one_cm":546934,"minecraft:damage_blocked_by_shield":48,"minecraft:drop":25,"minecraft:talked_to_villager":57,"minecraft:play_time":194666,"minecraft:deaths":3,"minecraft:sneak_time":9909,"minecraft:walk_under_water_one_cm":7599,"minecraft:boat_one_cm":18362,"minecraft:jump":1428,"minecraft:interact_with_blast_furnace":13,"minecraft:walk_on_water_one_cm":4692,"minecraft:total_world_time":194666,"minecraft:interact_with_furnace":90,"minecraft:traded_with_villager":2,"minecraft:pot_flower":2,"minecraft:time_since_rest":163577,"minecraft:damage_taken":1738,"minecraft:damage_dealt":9989,"minecraft:swim_one_cm":1162,"minecraft:fly_one_cm":138707,"minecraft:open_chest":277,"minecraft:crouch_one_cm":64047,"minecraft:fall_one_cm":23935},"minecraft:picked_up":{"minecraft:crafting_table":4,"minecraft:mud":41,"minecraft:iron_chestplate":1,"minecraft:coarse_dirt":5,"minecraft:wheat":18,"minecraft:chainmail_boots":1,"minecraft:ominous_bottle":1,"minecraft:flower_pot":2,"minecraft:clay_ball":80,"minecraft:string":2,"minecraft:raw_copper":78,"minecraft:iron_leggings":1,"minecraft:pufferfish":2,"minecraft:gold_nugget":5,"minecraft:cobbled_deepslate":26,"minecraft:spruce_planks":3,"minecraft:oak_boat":5,"minecraft:spruce_slab":144,"minecraft:iron_pickaxe":2,"minecraft:melon_slice":14,"minecraft:chest":2,"minecraft:spruce_trapdoor":1,"minecraft:phantom_membrane":1,"minecraft:stick":29,"minecraft:raw_iron":42,"minecraft:composter":1,"minecraft:oak_fence":4,"minecraft:torch":7,"minecraft:diorite":19,"minecraft:carrot":35,"minecraft:redstone":96,"minecraft:arrow":61,"minecraft:rotten_flesh":18,"minecraft:spruce_hanging_sign":1,"minecraft:blaze_rod":1,"minecraft:white_wool":1,"minecraft:cobblestone":137,"minecraft:water_bucket":1,"minecraft:andesite":18,"minecraft:potato":14,"minecraft:oak_log":52,"minecraft:ancient_debris":2,"minecraft:gunpowder":30,"minecraft:lapis_lazuli":105,"minecraft:dirt":139,"minecraft:bone":41,"minecraft:apple":1,"minecraft:bow":2,"minecraft:wheat_seeds":44,"minecraft:raw_gold":28,"minecraft:glowstone_dust":9,"minecraft:moss_block":69,"minecraft:oak_planks":6,"minecraft:acacia_sapling":3,"minecraft:oak_slab":50,"minecraft:quartz":1,"minecraft:dandelion":1,"minecraft:dripstone_block":36,"minecraft:spruce_sapling":37,"minecraft:spruce_log":450,"minecraft:spider_eye":2,"minecraft:diamond":29,"minecraft:spruce_boat":3,"minecraft:chainmail_leggings":1,"minecraft:granite":22,"minecraft:bone_meal":4,"minecraft:cherry_sapling":7,"minecraft:emerald":48,"minecraft:baked_potato":9,"minecraft:oak_sapling":1,"minecraft:netherrack":1,"minecraft:melon_seeds":1,"minecraft:coal":31},"minecraft:broken":{"minecraft:stone_sword":1,"minecraft:wooden_pickaxe":1,"minecraft:stone_pickaxe":2,"minecraft:iron_axe":1,"minecraft:stone_axe":3,"minecraft:iron_pickaxe":1,"minecraft:wooden_hoe":1},"minecraft:killed":{"minecraft:zombified_piglin":1,"minecraft:witch":1,"minecraft:spider":4,"minecraft:zoglin":1,"minecraft:phantom":3,"minecraft:skeleton":44,"minecraft:creeper":32,"minecraft:zombie":27},"minecraft:mined":{"minecraft:nether_gold_ore":1,"minecraft:spruce_planks":3,"minecraft:deepslate_diamond_ore":17,"minecraft:cherry_sapling":1,"minecraft:granite":20,"minecraft:grass_block":145,"minecraft:spruce_leaves":209,"minecraft:moss_block":87,"minecraft:composter":1,"minecraft:spruce_sapling":1,"minecraft:glowstone":2,"minecraft:carrots":10,"minecraft:iron_ore":5,"minecraft:fire":2,"minecraft:andesite":20,"minecraft:deepslate_lapis_ore":10,"minecraft:potted_cherry_sapling":1,"minecraft:potatoes":4,"minecraft:deepslate_iron_ore":29,"minecraft:stone":132,"minecraft:spruce_slab":15,"minecraft:podzol":1,"minecraft:deepslate_redstone_ore":11,"minecraft:oak_slab":48,"minecraft:soul_sand":1,"minecraft:melon_stem":1,"minecraft:dandelion":1,"minecraft:oak_fence":8,"minecraft:clay":22,"minecraft:crafting_table":4,"minecraft:torch":6,"minecraft:short_grass":1,"minecraft:melon":3,"minecraft:chest":2,"minecraft:copper_ore":4,"minecraft:cobblestone":10,"minecraft:deepslate_coal_ore":25,"minecraft:lapis_ore":1,"minecraft:deepslate_gold_ore":19,"minecraft:oak_planks":6,"minecraft:diorite":22,"minecraft:deepslate_copper_ore":18,"minecraft:coarse_dirt":5,"minecraft:mud":39,"minecraft:wheat":17,"minecraft:spruce_log":391,"minecraft:oak_log":95,"minecraft:coal_ore":10,"minecraft:cherry_leaves":3,"minecraft:dripstone_block":33,"minecraft:dirt":5,"minecraft:ancient_debris":1,"minecraft:oak_leaves":39,"minecraft:deepslate_emerald_ore":15,"minecraft:deepslate":27}},"DataVersion":3953}