{"stats":{"minecraft:dropped":{"minecraft:oak_slab":2,"minecraft:moss_block":1,"minecraft:brown_mushroom":4,"minecraft:oak_log":1,"minecraft:cobblestone":4,"minecraft:emerald":1,"minecraft:dirt":1,"minecraft:diorite":1,"minecraft:mud":5,"minecraft:iron_pickaxe":1,"minecraft:spruce_sapling":1,"minecraft:gold_ingot":4,"minecraft:bone":1,"minecraft:stone_shovel":2,"minecraft:pointed_dripstone":64,"minecraft:clay_ball":20,"minecraft:oak_planks":1,"minecraft:cobblestone_slab":1,"minecraft:gunpowder":1,"minecraft:spruce_trapdoor":1,"minecraft:andesite":2,"minecraft:spruce_log":128,"minecraft:arrow":1,"minecraft:raw_gold":3},"minecraft:crafted":{"minecraft:oak_planks":84,"minecraft:stone_shovel":1,"minecraft:oak_sign":3,"minecraft:pointed_dripstone":72,"minecraft:bone_meal":69,"minecraft:glass":6,"minecraft:bow":2,"minecraft:rabbit_hide":6,"minecraft:iron_axe":1,"minecraft:melon_seeds":1,"minecraft:spruce_slab":360,"minecraft:stone_pickaxe":1,"minecraft:chest":10,"minecraft:cow_spawn_egg":1,"minecraft:spruce_boat":1,"minecraft:glass_bottle":3,"minecraft:diamond_axe":1,"minecraft:crafting_table":1,"minecraft:spruce_planks":220,"minecraft:baked_potato":60,"minecraft:brewing_stand":1,"minecraft:stone_axe":3,"minecraft:air":0,"minecraft:oak_boat":1,"minecraft:diamond_pickaxe":1,"minecraft:wooden_hoe":1,"minecraft:charcoal":7,"minecraft:golden_apple":1,"minecraft:shield":1,"minecraft:stick":24,"minecraft:iron_ingot":24,"minecraft:iron_pickaxe":1,"minecraft:stone_sword":2,"minecraft:gold_ingot":2,"minecraft:shears":1},"minecraft:used":{"minecraft:stone_sword":264,"minecraft:moss_block":27,"minecraft:spruce_slab":144,"minecraft:stone_shovel":126,"minecraft:oak_sign":1,"minecraft:chest":12,"minecraft:spruce_planks":3,"minecraft:shield":6,"minecraft:nether_wart":7,"minecraft:stone_hoe":93,"minecraft:torch":7,"minecraft:brewing_stand":1,"minecraft:soul_sand":18,"minecraft:dirt":117,"minecraft:carrot":34,"minecraft:granite":3,"minecraft:spruce_boat":3,"minecraft:iron_axe":237,"minecraft:melon_seeds":3,"minecraft:spruce_hanging_sign":1,"minecraft:bow":46,"minecraft:oak_sapling":19,"minecraft:potato":13,"minecraft:cooked_beef":1,"minecraft:pointed_dripstone":3,"minecraft:wheat_seeds":19,"minecraft:water_bucket":15,"minecraft:stone_pickaxe":210,"minecraft:baked_potato":13,"minecraft:oak_planks":9,"minecraft:wooden_pickaxe":52,"minecraft:composter":1,"minecraft:diamond_axe":527,"minecraft:oak_slab":30,"minecraft:crafting_table":3,"minecraft:dripstone_block":2,"minecraft:spruce_log":102,"minecraft:flower_pot":2,"minecraft:wooden_hoe":59,"minecraft:diamond_pickaxe":301,"minecraft:iron_pickaxe":249,"minecraft:melon_slice":10,"minecraft:spruce_sapling":39,"minecraft:stone_axe":384,"minecraft:cobblestone":13,"minecraft:bucket":15,"minecraft:oak_boat":6,"minecraft:dandelion":1,"minecraft:bone_meal":9,"minecraft:chainmail_leggings":1,"minecraft:cherry_sapling":2},"minecraft:picked_up":{"minecraft:crafting_table":4,"minecraft:mud":46,"minecraft:iron_chestplate":1,"minecraft:coarse_dirt":5,"minecraft:wheat":18,"minecraft:flower_pot":2,"minecraft:chainmail_boots":1,"minecraft:ominous_bottle":1,"minecraft:nether_wart":1,"minecraft:clay_ball":100,"minecraft:leather_leggings":1,"minecraft:brown_mushroom":31,"minecraft:string":2,"minecraft:raw_copper":91,"minecraft:iron_leggings":1,"minecraft:pufferfish":2,"minecraft:gold_nugget":5,"minecraft:cobbled_deepslate":29,"minecraft:spruce_planks":3,"minecraft:oak_boat":5,"minecraft:cobblestone_slab":1,"minecraft:spruce_slab":166,"minecraft:iron_pickaxe":2,"minecraft:melon_slice":20,"minecraft:chest":2,"minecraft:spruce_trapdoor":1,"minecraft:phantom_membrane":1,"minecraft:stick":69,"minecraft:raw_iron":42,"minecraft:composter":1,"minecraft:oak_fence":4,"minecraft:torch":7,"minecraft:diorite":26,"minecraft:carrot":35,"minecraft:redstone":118,"minecraft:purple_candle":1,"minecraft:arrow":86,"minecraft:rotten_flesh":47,"minecraft:blue_dye":1,"minecraft:spruce_hanging_sign":1,"minecraft:blaze_rod":1,"minecraft:obsidian":9,"minecraft:white_wool":5,"minecraft:cobblestone":164,"minecraft:water_bucket":1,"minecraft:andesite":23,"minecraft:potato":16,"minecraft:oak_log":112,"minecraft:ancient_debris":2,"minecraft:gunpowder":50,"minecraft:lapis_lazuli":111,"minecraft:dirt":157,"minecraft:bone":64,"minecraft:apple":1,"minecraft:bow":4,"minecraft:wheat_seeds":46,"minecraft:raw_gold":29,"minecraft:glowstone_dust":9,"minecraft:moss_block":69,"minecraft:oak_planks":8,"minecraft:acacia_sapling":3,"minecraft:soul_sand":10,"minecraft:oak_slab":51,"minecraft:quartz":1,"minecraft:dandelion":1,"minecraft:dripstone_block":36,"minecraft:magenta_stained_glass_pane":1,"minecraft:spruce_sapling":67,"minecraft:spruce_log":801,"minecraft:spider_eye":2,"minecraft:diamond":32,"minecraft:spruce_boat":3,"minecraft:chainmail_leggings":1,"minecraft:granite":22,"minecraft:bone_meal":4,"minecraft:cherry_sapling":7,"minecraft:emerald":53,"minecraft:baked_potato":9,"minecraft:oak_sapling":26,"minecraft:netherrack":4,"minecraft:melon_seeds":3,"minecraft:coal":31},"minecraft:custom":{"minecraft:mob_kills":170,"minecraft:interact_with_crafting_table":32,"minecraft:leave_game":6,"minecraft:time_since_death":221910,"minecraft:sprint_one_cm":306110,"minecraft:walk_one_cm":682633,"minecraft:damage_blocked_by_shield":48,"minecraft:drop":33,"minecraft:talked_to_villager":62,"minecraft:play_time":253027,"minecraft:sneak_time":13058,"minecraft:deaths":3,"minecraft:walk_under_water_one_cm":7599,"minecraft:boat_one_cm":18362,"minecraft:jump":1739,"minecraft:interact_with_blast_furnace":15,"minecraft:walk_on_water_one_cm":5196,"minecraft:total_world_time":253027,"minecraft:interact_with_furnace":111,"minecraft:traded_with_villager":2,"minecraft:pot_flower":2,"minecraft:time_since_rest":221938,"minecraft:damage_taken":1817,"minecraft:damage_dealt":12963,"minecraft:swim_one_cm":1162,"minecraft:fly_one_cm":172828,"minecraft:open_chest":428,"minecraft:crouch_one_cm":69151,"minecraft:fall_one_cm":26617},"minecraft:broken":{"minecraft:stone_sword":2,"minecraft:stone_hoe":1,"minecraft:wooden_pickaxe":1,"minecraft:stone_pickaxe":2,"minecraft:iron_axe":1,"minecraft:stone_axe":3,"minecraft:iron_pickaxe":1,"minecraft:wooden_hoe":1},"minecraft:killed":{"minecraft:zombified_piglin":2,"minecraft:witch":2,"minecraft:spider":4,"minecraft:zoglin":1,"minecraft:phantom":3,"minecraft:skeleton":61,"minecraft:piglin":1,"minecraft:creeper":51,"minecraft:zombie":44},"minecraft:mined":{"minecraft:nether_gold_ore":1,"minecraft:spruce_planks":3,"minecraft:attached_melon_stem":1,"minecraft:oak_sapling":2,"minecraft:deepslate_diamond_ore":23,"minecraft:cherry_sapling":1,"minecraft:obsidian":11,"minecraft:granite":21,"minecraft:grass_block":162,"minecraft:brown_mushroom_block":86,"minecraft:spruce_leaves":221,"minecraft:composter":1,"minecraft:moss_block":97,"minecraft:nether_wart":1,"minecraft:glowstone":5,"minecraft:spruce_sapling":2,"minecraft:carrots":10,"minecraft:iron_ore":5,"minecraft:fire":2,"minecraft:andesite":22,"minecraft:deepslate_lapis_ore":13,"minecraft:potted_cherry_sapling":1,"minecraft:potatoes":6,"minecraft:deepslate_iron_ore":31,"minecraft:cobblestone_slab":1,"minecraft:stone":152,"minecraft:spruce_slab":37,"minecraft:podzol":1,"minecraft:deepslate_redstone_ore":15,"minecraft:oak_slab":49,"minecraft:brown_mushroom":1,"minecraft:soul_sand":11,"minecraft:blackstone":4,"minecraft:melon_stem":1,"minecraft:dandelion":1,"minecraft:clay":30,"minecraft:oak_fence":8,"minecraft:crafting_table":4,"minecraft:torch":6,"minecraft:short_grass":2,"minecraft:melon":4,"minecraft:chest":2,"minecraft:mushroom_stem":8,"minecraft:nether_quartz_ore":1,"minecraft:copper_ore":4,"minecraft:tall_grass":1,"minecraft:cobblestone":18,"minecraft:deepslate_coal_ore":28,"minecraft:deepslate_gold_ore":20,"minecraft:lapis_ore":1,"minecraft:oak_planks":8,"minecraft:sculk":2,"minecraft:diorite":28,"minecraft:amethyst_block":1,"minecraft:deepslate_copper_ore":21,"minecraft:coarse_dirt":5,"minecraft:mud":46,"minecraft:wheat":18,"minecraft:spruce_log":738,"minecraft:oak_log":156,"minecraft:coal_ore":10,"minecraft:cherry_leaves":3,"minecraft:dripstone_block":36,"minecraft:dirt":5,"minecraft:ancient_debris":2,"minecraft:netherrack":3,"minecraft:deepslate_emerald_ore":20,"minecraft:oak_leaves":113,"minecraft:deepslate":30}},"DataVersion":3953}