{"stats":{"minecraft:dropped":{"minecraft:oak_slab":663,"minecraft:moss_block":1,"minecraft:brown_mushroom":4,"minecraft:oak_log":1,"minecraft:tnt":16,"minecraft:sniffer_egg":3,"minecraft:cobblestone":4,"minecraft:granite":1,"minecraft:emerald":1,"minecraft:dirt":2,"minecraft:blue_dye":1,"minecraft:diorite":1,"minecraft:mud":5,"minecraft:iron_pickaxe":1,"minecraft:spruce_sapling":1,"minecraft:gold_ingot":4,"minecraft:bone":1,"minecraft:twisting_vines":1,"minecraft:andesite_slab":2,"minecraft:stone_shovel":2,"minecraft:pointed_dripstone":64,"minecraft:clay_ball":20,"minecraft:oak_planks":1,"minecraft:flint_and_steel":1,"minecraft:cobblestone_slab":1,"minecraft:gunpowder":1,"minecraft:spruce_trapdoor":73,"minecraft:diamond_pickaxe":1,"minecraft:andesite":3,"minecraft:wooden_shovel":1,"minecraft:spruce_log":128,"minecraft:bow":1,"minecraft:arrow":36,"minecraft:raw_gold":3,"minecraft:netherrack":1},"minecraft:custom":{"minecraft:mob_kills":174,"minecraft:interact_with_crafting_table":53,"minecraft:leave_game":8,"minecraft:time_since_death":389220,"minecraft:sprint_one_cm":514437,"minecraft:walk_one_cm":1134739,"minecraft:damage_blocked_by_shield":58,"minecraft:drop":62,"minecraft:talked_to_villager":68,"minecraft:play_time":420337,"minecraft:sneak_time":44360,"minecraft:deaths":3,"minecraft:walk_under_water_one_cm":12716,"minecraft:boat_one_cm":18362,"minecraft:jump":2965,"minecraft:interact_with_brewingstand":2,"minecraft:interact_with_blast_furnace":18,"minecraft:walk_on_water_one_cm":20984,"minecraft:total_world_time":420337,"minecraft:interact_with_furnace":141,"minecraft:traded_with_villager":5,"minecraft:pot_flower":2,"minecraft:interact_with_stonecutter":1,"minecraft:sleep_in_bed":2,"minecraft:time_since_rest":2379,"minecraft:damage_taken":2117,"minecraft:damage_dealt":13379,"minecraft:swim_one_cm":1851,"minecraft:fly_one_cm":415837,"minecraft:open_chest":931,"minecraft:crouch_one_cm":189487,"minecraft:fall_one_cm":44808},"minecraft:crafted":{"minecraft:oak_planks":620,"minecraft:stone_shovel":1,"minecraft:oak_sign":6,"minecraft:pointed_dripstone":72,"minecraft:bone_meal":69,"minecraft:raw_copper_block":43,"minecraft:glass":6,"minecraft:bow":2,"minecraft:leather":41,"minecraft:rabbit_hide":102,"minecraft:iron_axe":1,"minecraft:melon_seeds":1,"minecraft:spruce_slab":360,"minecraft:stone_pickaxe":1,"minecraft:chest":52,"minecraft:cow_spawn_egg":1,"minecraft:spruce_boat":1,"minecraft:redstone_block":49,"minecraft:stone_hoe":1,"minecraft:golden_helmet":1,"minecraft:glass_bottle":3,"minecraft:cooked_cod":1,"minecraft:oak_slab":1068,"minecraft:spruce_sign":6,"minecraft:diamond_axe":1,"minecraft:crafting_table":1,"minecraft:spruce_planks":784,"minecraft:baked_potato":60,"minecraft:sniffer_egg":3,"minecraft:brewing_stand":1,"minecraft:stone_axe":3,"minecraft:air":0,"minecraft:tnt":16,"minecraft:oak_boat":1,"minecraft:spruce_trapdoor":72,"minecraft:wooden_hoe":1,"minecraft:golden_apple":1,"minecraft:charcoal":7,"minecraft:diamond_pickaxe":1,"minecraft:emerald_block":16,"minecraft:shield":1,"minecraft:stick":24,"minecraft:iron_ingot":24,"minecraft:iron_pickaxe":1,"minecraft:stone_sword":2,"minecraft:gold_ingot":19,"minecraft:white_bed":1,"minecraft:shears":1,"minecraft:lapis_block":78},"minecraft:used":{"minecraft:moss_block":27,"minecraft:flint_and_steel":4,"minecraft:spruce_slab":421,"minecraft:stone_shovel":126,"minecraft:oak_sign":10,"minecraft:chest":69,"minecraft:spruce_planks":7,"minecraft:shield":7,"minecraft:nether_wart":76,"minecraft:stone_hoe":224,"minecraft:netherrack":1,"minecraft:torch":15,"minecraft:soul_sand":47,"minecraft:dirt":317,"minecraft:brewing_stand":1,"minecraft:carrot":72,"minecraft:granite":3,"minecraft:spruce_boat":3,"minecraft:iron_axe":237,"minecraft:melon_seeds":3,"minecraft:spruce_hanging_sign":1,"minecraft:bow":61,"minecraft:oak_sapling":22,"minecraft:potato":13,"minecraft:cooked_beef":1,"minecraft:pointed_dripstone":3,"minecraft:wheat_seeds":19,"minecraft:water_bucket":31,"minecraft:leather_leggings":1,"minecraft:stone_pickaxe":210,"minecraft:baked_potato":14,"minecraft:oak_planks":9,"minecraft:wooden_pickaxe":52,"minecraft:diamond_axe":988,"minecraft:composter":2,"minecraft:spruce_sign":11,"minecraft:oak_slab":1270,"minecraft:crafting_table":3,"minecraft:white_bed":1,"minecraft:spruce_log":107,"minecraft:dripstone_block":2,"minecraft:diamond_pickaxe":511,"minecraft:flower_pot":2,"minecraft:wooden_hoe":59,"minecraft:diamond_shovel":104,"minecraft:iron_pickaxe":249,"minecraft:melon_slice":10,"minecraft:spruce_sapling":68,"minecraft:golden_helmet":1,"minecraft:stone_axe":384,"minecraft:cobblestone":13,"minecraft:bucket":31,"minecraft:dandelion":1,"minecraft:cherry_sapling":2,"minecraft:oak_boat":6,"minecraft:bone_meal":9,"minecraft:oak_fence":4,"minecraft:chainmail_leggings":1,"minecraft:stone_sword":264},"minecraft:broken":{"minecraft:chainmail_leggings":1,"minecraft:stone_sword":2,"minecraft:leather_leggings":1,"minecraft:stone_hoe":2,"minecraft:wooden_pickaxe":1,"minecraft:stone_pickaxe":2,"minecraft:iron_axe":1,"minecraft:stone_axe":3,"minecraft:iron_pickaxe":1,"minecraft:wooden_hoe":1},"minecraft:killed":{"minecraft:zombified_piglin":2,"minecraft:witch":2,"minecraft:spider":4,"minecraft:zoglin":2,"minecraft:phantom":6,"minecraft:skeleton":61,"minecraft:piglin":1,"minecraft:creeper":51,"minecraft:zombie":44},"minecraft:picked_up":{"minecraft:iron_chestplate":1,"minecraft:mud":53,"minecraft:crafting_table":5,"minecraft:coarse_dirt":5,"minecraft:wheat":51,"minecraft:flower_pot":2,"minecraft:chainmail_boots":1,"minecraft:ominous_bottle":2,"minecraft:nether_wart":111,"minecraft:clay_ball":120,"minecraft:leather_leggings":2,"minecraft:brown_mushroom":32,"minecraft:amethyst_block":6,"minecraft:string":2,"minecraft:raw_copper":110,"minecraft:iron_leggings":1,"minecraft:pufferfish":2,"minecraft:blackstone":7,"minecraft:oak_sign":6,"minecraft:gold_nugget":17,"minecraft:cobbled_deepslate":37,"minecraft:spruce_planks":7,"minecraft:oak_boat":5,"minecraft:cobblestone_slab":1,"minecraft:iron_pickaxe":2,"minecraft:spruce_slab":310,"minecraft:melon_slice":58,"minecraft:chest":25,"minecraft:spruce_trapdoor":9,"minecraft:phantom_membrane":2,"minecraft:stick":94,"minecraft:raw_iron":45,"minecraft:composter":2,"minecraft:oak_fence":4,"minecraft:torch":12,"minecraft:cherry_log":1,"minecraft:diorite":40,"minecraft:carrot":39,"minecraft:redstone":140,"minecraft:purple_candle":1,"minecraft:arrow":96,"minecraft:rotten_flesh":54,"minecraft:blue_dye":1,"minecraft:spruce_hanging_sign":1,"minecraft:blaze_rod":1,"minecraft:obsidian":18,"minecraft:white_wool":6,"minecraft:cobblestone":184,"minecraft:water_bucket":1,"minecraft:andesite":31,"minecraft:potato":134,"minecraft:oak_log":132,"minecraft:ancient_debris":10,"minecraft:gunpowder":58,"minecraft:lapis_lazuli":158,"minecraft:dirt":254,"minecraft:twisting_vines":2,"minecraft:bone":75,"minecraft:apple":4,"minecraft:bow":4,"minecraft:wheat_seeds":144,"minecraft:raw_gold":39,"minecraft:glowstone_dust":27,"minecraft:moss_block":81,"minecraft:oak_planks":8,"minecraft:acacia_sapling":3,"minecraft:soul_sand":13,"minecraft:oak_slab":762,"minecraft:quartz":4,"minecraft:dandelion":1,"minecraft:dripstone_block":41,"minecraft:magenta_stained_glass_pane":1,"minecraft:spruce_sapling":84,"minecraft:spruce_log":906,"minecraft:spider_eye":2,"minecraft:diamond":38,"minecraft:spruce_boat":3,"minecraft:chainmail_leggings":1,"minecraft:granite":30,"minecraft:bone_meal":4,"minecraft:cherry_sapling":12,"minecraft:spruce_sign":5,"minecraft:emerald":63,"minecraft:baked_potato":9,"minecraft:oak_sapling":51,"minecraft:netherrack":8,"minecraft:melon_seeds":5,"minecraft:coal":37,"minecraft:andesite_slab":19},"minecraft:mined":{"minecraft:spruce_planks":7,"minecraft:nether_gold_ore":3,"minecraft:attached_melon_stem":1,"minecraft:farmland":61,"minecraft:oak_sapling":8,"minecraft:deepslate_diamond_ore":27,"minecraft:cherry_sapling":1,"minecraft:obsidian":17,"minecraft:granite":28,"minecraft:grass_block":208,"minecraft:brown_mushroom_block":86,"minecraft:spruce_leaves":247,"minecraft:composter":2,"minecraft:moss_block":107,"minecraft:nether_wart":37,"minecraft:oak_wall_sign":5,"minecraft:magenta_stained_glass_pane":1,"minecraft:glowstone":10,"minecraft:spruce_sapling":3,"minecraft:carrots":11,"minecraft:iron_ore":5,"minecraft:fire":2,"minecraft:andesite":28,"minecraft:deepslate_lapis_ore":18,"minecraft:potted_cherry_sapling":1,"minecraft:potatoes":99,"minecraft:dirt_path":1,"minecraft:oak_sign":1,"minecraft:deepslate_iron_ore":34,"minecraft:cobblestone_slab":1,"minecraft:stone":173,"minecraft:spruce_slab":282,"minecraft:podzol":1,"minecraft:deepslate_redstone_ore":21,"minecraft:oak_slab":86,"minecraft:brown_mushroom":1,"minecraft:soul_sand":14,"minecraft:blackstone":10,"minecraft:twisting_vines_plant":1,"minecraft:melon_stem":2,"minecraft:dandelion":1,"minecraft:clay":35,"minecraft:oak_fence":8,"minecraft:crafting_table":5,"minecraft:torch":10,"minecraft:short_grass":2,"minecraft:melon":11,"minecraft:chest":25,"minecraft:andesite_slab":22,"minecraft:mushroom_stem":8,"minecraft:spruce_wall_sign":3,"minecraft:nether_quartz_ore":3,"minecraft:copper_ore":4,"minecraft:tall_grass":1,"minecraft:cobblestone":24,"minecraft:deepslate_coal_ore":32,"minecraft:deepslate_gold_ore":27,"minecraft:lapis_ore":1,"minecraft:oak_planks":8,"minecraft:spruce_sign":2,"minecraft:sculk":5,"minecraft:diorite":39,"minecraft:amethyst_block":7,"minecraft:deepslate_copper_ore":26,"minecraft:coarse_dirt":5,"minecraft:mud":51,"minecraft:wheat":56,"minecraft:spruce_log":843,"minecraft:coal_ore":10,"minecraft:oak_log":177,"minecraft:cherry_leaves":7,"minecraft:dripstone_block":40,"minecraft:dirt":12,"minecraft:deepslate_emerald_ore":29,"minecraft:ancient_debris":8,"minecraft:netherrack":7,"minecraft:oak_leaves":132,"minecraft:deepslate":38}},"DataVersion":3953}