{"stats":{"minecraft:picked_up":{"minecraft:shulker_shell":6,"minecraft:iron_chestplate":2,"minecraft:wheat":102,"minecraft:chainmail_boots":2,"minecraft:flower_pot":2,"minecraft:enchanted_book":6,"minecraft:potion":3,"minecraft:brewing_stand":1,"minecraft:amethyst_block":18,"minecraft:string":7,"minecraft:raw_copper":264,"minecraft:iron_leggings":1,"minecraft:pufferfish":2,"minecraft:oak_sign":6,"minecraft:beetroot":2,"minecraft:gold_nugget":178,"minecraft:cobbled_deepslate":108,"minecraft:spruce_planks":297,"minecraft:trial_key":7,"minecraft:cobblestone_slab":70,"minecraft:netherite_upgrade_smithing_template":1,"minecraft:iron_pickaxe":2,"minecraft:melon_slice":58,"minecraft:golden_helmet":1,"minecraft:stick":103,"minecraft:sheaf_pottery_sherd":1,"minecraft:composter":2,"minecraft:oak_fence":4,"minecraft:torch":46,"minecraft:porkchop":44,"minecraft:cherry_log":1,"minecraft:diorite":57,"minecraft:golden_chestplate":3,"minecraft:bamboo_block":3,"minecraft:rotten_flesh":152,"minecraft:blue_dye":1,"minecraft:chorus_flower":4,"minecraft:spruce_hanging_sign":1,"minecraft:blaze_rod":1,"minecraft:obsidian":51,"minecraft:cobblestone":314,"minecraft:polished_diorite_slab":2,"minecraft:cherry_planks":2,"minecraft:jungle_log":1,"minecraft:water_bucket":2,"minecraft:andesite":65,"minecraft:potato":562,"minecraft:flint":1,"minecraft:lapis_lazuli":491,"minecraft:dirt":353,"minecraft:twisting_vines":16,"minecraft:glass":1,"minecraft:bone":154,"minecraft:bow":15,"minecraft:wheat_seeds":276,"minecraft:cobbled_deepslate_slab":2,"minecraft:deepslate_brick_slab":54,"minecraft:raw_gold":69,"minecraft:grindstone":1,"minecraft:purple_stained_glass_pane":1,"minecraft:glowstone_dust":69,"minecraft:bamboo":1704,"minecraft:moss_block":136,"minecraft:oak_planks":101,"minecraft:cooked_porkchop":14,"minecraft:warped_wart_block":62,"minecraft:poisonous_potato":1,"minecraft:grass_block":1,"minecraft:fermented_spider_eye":1,"minecraft:spectral_arrow":12,"minecraft:shulker_box":3,"minecraft:diamond":138,"minecraft:spruce_boat":3,"minecraft:polished_granite_slab":1,"minecraft:granite":67,"minecraft:breeze_rod":4,"minecraft:bone_meal":5,"minecraft:spruce_sign":8,"minecraft:emerald":109,"minecraft:oak_sapling":54,"minecraft:netherrack":82,"minecraft:andesite_slab":19,"minecraft:diamond_pickaxe":4,"minecraft:mud":141,"minecraft:crafting_table":20,"minecraft:coarse_dirt":258,"minecraft:end_stone_brick_stairs":2,"minecraft:ominous_bottle":2,"minecraft:splash_potion":1,"minecraft:nether_wart":237,"minecraft:clay_ball":228,"minecraft:leather_leggings":3,"minecraft:brown_mushroom":32,"minecraft:diorite_slab":1,"minecraft:shield":1,"minecraft:blackstone":35,"minecraft:oak_boat":8,"minecraft:spruce_slab":325,"minecraft:lectern":1,"minecraft:chest":32,"minecraft:sugar_cane":67,"minecraft:spruce_trapdoor":12,"minecraft:phantom_membrane":5,"minecraft:diamond_hoe":1,"minecraft:raw_iron":126,"minecraft:end_stone":296,"minecraft:fire_charge":1,"minecraft:mace":1,"minecraft:carrot":848,"minecraft:redstone":305,"minecraft:purple_candle":1,"minecraft:arrow":226,"minecraft:stone_shovel":1,"minecraft:beetroot_seeds":8,"minecraft:gold_ingot":1,"minecraft:white_wool":12,"minecraft:leather":12,"minecraft:crimson_fungus":1,"minecraft:oak_log":176,"minecraft:ancient_debris":22,"minecraft:gunpowder":108,"minecraft:heart_pottery_sherd":2,"minecraft:apple":10,"minecraft:warped_stem":6,"minecraft:iron_ingot":3,"minecraft:soul_sand":29,"minecraft:acacia_sapling":3,"minecraft:book":3,"minecraft:oak_slab":865,"minecraft:warped_fungus":1,"minecraft:sculk":16,"minecraft:quartz":41,"minecraft:dandelion":1,"minecraft:dripstone_block":96,"minecraft:gravel":18,"minecraft:magenta_stained_glass_pane":1,"minecraft:spruce_sapling":88,"minecraft:spruce_log":1011,"minecraft:spider_eye":3,"minecraft:stripped_jungle_log":1,"minecraft:diamond_shovel":1,"minecraft:pumpkin_seeds":1,"minecraft:slime_ball":2,"minecraft:honey_block":1,"minecraft:chainmail_leggings":1,"minecraft:diamond_axe":1,"minecraft:cherry_sapling":12,"minecraft:warped_roots":16,"minecraft:oak_button":1,"minecraft:netherite_hoe":1,"minecraft:baked_potato":9,"minecraft:melon_seeds":5,"minecraft:coal":80,"minecraft:ender_pearl":67},"minecraft:used":{"minecraft:moss_block":27,"minecraft:cherry_sapling":2,"minecraft:spruce_slab":583,"minecraft:diamond_hoe":249,"minecraft:oak_sign":10,"minecraft:chest":83,"minecraft:shield":27,"minecraft:nether_wart":121,"minecraft:iron_chestplate":1,"minecraft:soul_sand":50,"minecraft:carrot":316,"minecraft:deepslate_brick_slab":15,"minecraft:obsidian":10,"minecraft:spruce_boat":4,"minecraft:honey_block":1,"minecraft:warped_nylium":1,"minecraft:spruce_hanging_sign":1,"minecraft:bow":266,"minecraft:warped_fungus":2,"minecraft:oak_sapling":22,"minecraft:beetroot_seeds":1,"minecraft:end_stone_brick_stairs":42,"minecraft:potato":173,"minecraft:diamond_boots":1,"minecraft:leather_leggings":2,"minecraft:stone_pickaxe":210,"minecraft:oak_planks":97,"minecraft:ender_pearl":3,"minecraft:blackstone":8,"minecraft:polished_diorite_slab":1,"minecraft:wooden_pickaxe":52,"minecraft:composter":2,"minecraft:sugar_cane":38,"minecraft:diamond_axe":1509,"minecraft:dripstone_block":27,"minecraft:end_stone":200,"minecraft:melon_slice":10,"minecraft:lectern":2,"minecraft:gravel":19,"minecraft:golden_helmet":1,"minecraft:granite_slab":24,"minecraft:diamond_sword":840,"minecraft:chainmail_boots":1,"minecraft:grindstone":2,"minecraft:oak_boat":8,"minecraft:coarse_dirt":253,"minecraft:bone_meal":36,"minecraft:oak_fence":4,"minecraft:enchanting_table":1,"minecraft:stone_sword":401,"minecraft:flint_and_steel":5,"minecraft:stone_shovel":126,"minecraft:spruce_planks":76,"minecraft:ender_chest":1,"minecraft:stone_hoe":333,"minecraft:netherrack":43,"minecraft:trial_key":3,"minecraft:torch":52,"minecraft:brewing_stand":4,"minecraft:dirt":348,"minecraft:chorus_flower":4,"minecraft:twisting_vines":3,"minecraft:shulker_box":3,"minecraft:diamond_helmet":1,"minecraft:polished_granite_slab":1,"minecraft:granite":21,"minecraft:bookshelf":16,"minecraft:iron_axe":237,"minecraft:melon_seeds":3,"minecraft:bamboo":75,"minecraft:diamond_chestplate":1,"minecraft:cooked_beef":1,"minecraft:pointed_dripstone":3,"minecraft:wheat_seeds":146,"minecraft:water_bucket":63,"minecraft:baked_potato":14,"minecraft:spruce_sign":16,"minecraft:cobblestone_slab":25,"minecraft:oak_slab":1371,"minecraft:crafting_table":19,"minecraft:bamboo_block":3,"minecraft:white_bed":4,"minecraft:spruce_log":107,"minecraft:mud":62,"minecraft:wooden_hoe":59,"minecraft:flower_pot":2,"minecraft:diamond_pickaxe":1877,"minecraft:diamond_shovel":316,"minecraft:iron_pickaxe":249,"minecraft:spruce_trapdoor":43,"minecraft:spruce_sapling":72,"minecraft:golden_leggings":1,"minecraft:stone_axe":384,"minecraft:fishing_rod":51,"minecraft:cobblestone":76,"minecraft:cobbled_deepslate_slab":80,"minecraft:cooked_porkchop":43,"minecraft:bucket":63,"minecraft:dandelion":1,"minecraft:splash_potion":3,"minecraft:diamond_leggings":3,"minecraft:chainmail_leggings":1},"minecraft:killed":{"minecraft:zombified_piglin":8,"minecraft:witch":5,"minecraft:spider":7,"minecraft:shulker":11,"minecraft:skeleton":355,"minecraft:chicken":1,"minecraft:piglin":2,"minecraft:zombie_villager":6,"minecraft:creeper":336,"minecraft:zombie":371,"minecraft:blaze":2,"minecraft:zoglin":2,"minecraft:phantom":14,"minecraft:hoglin":7,"minecraft:enderman":37},"minecraft:broken":{"minecraft:leather_leggings":1,"minecraft:golden_leggings":2,"minecraft:stone_pickaxe":2,"minecraft:stone_axe":3,"minecraft:fishing_rod":3,"minecraft:chainmail_leggings":2,"minecraft:stone_sword":4,"minecraft:stone_hoe":2,"minecraft:wooden_pickaxe":1,"minecraft:iron_axe":1,"minecraft:iron_pickaxe":1,"minecraft:wooden_hoe":1},"minecraft:crafted":{"minecraft:grindstone":1,"minecraft:smooth_stone":3,"minecraft:oak_planks":636,"minecraft:oak_sign":6,"minecraft:blaze_powder":2,"minecraft:stone":6,"minecraft:bookshelf":25,"minecraft:shulker_box":1,"minecraft:bamboo_block":79,"minecraft:glass":6,"minecraft:diamond_helmet":1,"minecraft:diamond_leggings":1,"minecraft:bow":2,"minecraft:melon_seeds":1,"minecraft:chest":56,"minecraft:cow_spawn_egg":1,"minecraft:stone_hoe":2,"minecraft:ender_eye":1,"minecraft:glass_bottle":42,"minecraft:oak_slab":1080,"minecraft:emerald":144,"minecraft:diamond_axe":2,"minecraft:crafting_table":1,"minecraft:spruce_planks":828,"minecraft:baked_potato":60,"minecraft:end_stone_brick_stairs":40,"minecraft:brewing_stand":3,"minecraft:tnt":16,"minecraft:spruce_trapdoor":110,"minecraft:bamboo_planks":2,"minecraft:lectern":1,"minecraft:wooden_hoe":1,"minecraft:book":1,"minecraft:paper":3,"minecraft:diamond_pickaxe":4,"minecraft:charcoal":7,"minecraft:emerald_block":16,"minecraft:shield":1,"minecraft:stick":32,"minecraft:stone_slab":6,"minecraft:iron_ingot":24,"minecraft:iron_pickaxe":1,"minecraft:stone_sword":4,"minecraft:gold_ingot":82,"minecraft:shears":1,"minecraft:cobbled_deepslate_slab":78,"minecraft:stone_shovel":1,"minecraft:fishing_rod":3,"minecraft:leather_leggings":1,"minecraft:diamond_hoe":1,"minecraft:pointed_dripstone":72,"minecraft:bone_meal":84,"minecraft:raw_copper_block":80,"minecraft:end_stone_bricks":64,"minecraft:flint_and_steel":1,"minecraft:leather":41,"minecraft:rabbit_hide":102,"minecraft:iron_axe":1,"minecraft:spruce_slab":516,"minecraft:stone_pickaxe":1,"minecraft:diamond_boots":1,"minecraft:spruce_boat":1,"minecraft:redstone_block":84,"minecraft:golden_helmet":2,"minecraft:cooked_cod":1,"minecraft:diamond_sword":4,"minecraft:spruce_sign":9,"minecraft:enchanting_table":1,"minecraft:sniffer_egg":3,"minecraft:stone_axe":3,"minecraft:air":0,"minecraft:oak_boat":2,"minecraft:golden_apple":3,"minecraft:white_bed":4,"minecraft:granite_slab":24,"minecraft:lapis_lazuli":63,"minecraft:lapis_block":146,"minecraft:diamond_chestplate":1,"minecraft:ender_chest":1},"minecraft:dropped":{"minecraft:porkchop":2,"minecraft:moss_block":16,"minecraft:brown_mushroom":4,"minecraft:lapis_lazuli":48,"minecraft:oak_log":1,"minecraft:diamond":13,"minecraft:crafting_table":2,"minecraft:warped_roots":1,"minecraft:emerald":1,"minecraft:dirt":6,"minecraft:mace":1,"minecraft:gold_nugget":6,"minecraft:phantom_membrane":1,"minecraft:iron_pickaxe":1,"minecraft:gold_ingot":26,"minecraft:bone":1,"minecraft:cobbled_deepslate":17,"minecraft:twisting_vines":12,"minecraft:andesite_slab":3,"minecraft:pointed_dripstone":64,"minecraft:deepslate_brick_slab":34,"minecraft:rotten_flesh":2,"minecraft:oak_planks":1,"minecraft:glowstone_dust":4,"minecraft:carrot":212,"minecraft:shulker_shell":4,"minecraft:gunpowder":1,"minecraft:arrow":36,"minecraft:quartz":2,"minecraft:netherrack":1,"minecraft:enchanted_book":1,"minecraft:stone_hoe":1,"minecraft:oak_slab":663,"minecraft:wheat_seeds":1,"minecraft:tnt":16,"minecraft:sniffer_egg":3,"minecraft:dripstone_block":1,"minecraft:cobblestone":65,"minecraft:book":2,"minecraft:spectral_arrow":12,"minecraft:granite":55,"minecraft:stripped_jungle_log":1,"minecraft:coal":3,"minecraft:blue_dye":1,"minecraft:sculk":8,"minecraft:diorite":1,"minecraft:cherry_planks":2,"minecraft:fire_charge":1,"minecraft:granite_slab":1,"minecraft:mud":5,"minecraft:spruce_sapling":1,"minecraft:netherite_hoe":1,"minecraft:stone_shovel":3,"minecraft:clay_ball":20,"minecraft:shears":1,"minecraft:flint_and_steel":1,"minecraft:cobblestone_slab":45,"minecraft:oak_button":2,"minecraft:trial_key":4,"minecraft:spruce_trapdoor":73,"minecraft:diamond_pickaxe":6,"minecraft:andesite":17,"minecraft:oak_boat":2,"minecraft:oak_sapling":1,"minecraft:wooden_shovel":1,"minecraft:spruce_log":128,"minecraft:bow":3,"minecraft:raw_gold":11},"minecraft:custom":{"minecraft:animals_bred":9,"minecraft:interact_with_crafting_table":142,"minecraft:open_shulker_box":4,"minecraft:leave_game":14,"minecraft:time_since_death":256528,"minecraft:sprint_one_cm":1120674,"minecraft:damage_blocked_by_shield":2068,"minecraft:drop":148,"minecraft:talked_to_villager":126,"minecraft:play_time":822017,"minecraft:deaths":4,"minecraft:jump":8073,"minecraft:interact_with_brewingstand":12,"minecraft:walk_on_water_one_cm":29994,"minecraft:enchant_item":32,"minecraft:interact_with_furnace":166,"minecraft:traded_with_villager":29,"minecraft:sleep_in_bed":3,"minecraft:open_enderchest":1,"minecraft:damage_dealt":62153,"minecraft:crouch_one_cm":238106,"minecraft:mob_kills":1226,"minecraft:interact_with_anvil":3,"minecraft:inspect_hopper":2,"minecraft:climb_one_cm":25234,"minecraft:walk_one_cm":2410450,"minecraft:sneak_time":63140,"minecraft:walk_under_water_one_cm":15447,"minecraft:boat_one_cm":19420,"minecraft:interact_with_blast_furnace":26,"minecraft:total_world_time":822017,"minecraft:pot_flower":2,"minecraft:interact_with_grindstone":21,"minecraft:interact_with_stonecutter":1,"minecraft:time_since_rest":256597,"minecraft:damage_taken":5326,"minecraft:swim_one_cm":2124,"minecraft:fly_one_cm":1706910,"minecraft:open_chest":1788,"minecraft:fall_one_cm":124330},"minecraft:mined":{"minecraft:attached_melon_stem":1,"minecraft:spruce_planks":41,"minecraft:oak_sapling":8,"minecraft:farmland":61,"minecraft:brewing_stand":1,"minecraft:obsidian":52,"minecraft:spruce_trapdoor":3,"minecraft:granite":53,"minecraft:grass_block":295,"minecraft:jungle_log":2,"minecraft:bamboo_block":3,"minecraft:composter":2,"minecraft:crimson_fungus":1,"minecraft:oak_wall_sign":5,"minecraft:nether_wart":79,"minecraft:glowstone":23,"minecraft:cobbled_deepslate":25,"minecraft:iron_ore":5,"minecraft:fire":11,"minecraft:deepslate_lapis_ore":43,"minecraft:oak_sign":1,"minecraft:dirt_path":1,"minecraft:spruce_slab":294,"minecraft:tripwire":3,"minecraft:deepslate_redstone_ore":47,"minecraft:brown_mushroom":1,"minecraft:blackstone":34,"minecraft:twisting_vines_plant":3,"minecraft:melon_stem":2,"minecraft:clay":63,"minecraft:torch":38,"minecraft:melon":11,"minecraft:chest":31,"minecraft:mushroom_stem":8,"minecraft:spruce_wall_sign":4,"minecraft:polished_diorite_slab":1,"minecraft:nether_quartz_ore":21,"minecraft:cobblestone":77,"minecraft:grindstone":1,"minecraft:sugar_cane":64,"minecraft:oak_planks":32,"minecraft:wall_torch":4,"minecraft:spruce_sign":4,"minecraft:amethyst_block":22,"minecraft:deepslate_copper_ore":43,"minecraft:mud":149,"minecraft:wheat":108,"minecraft:warped_fungus":1,"minecraft:oak_log":219,"minecraft:beetroots":3,"minecraft:dirt":13,"minecraft:ancient_debris":20,"minecraft:netherrack":59,"minecraft:oak_leaves":173,"minecraft:deepslate":67,"minecraft:nether_gold_ore":23,"minecraft:deepslate_diamond_ore":67,"minecraft:cherry_sapling":1,"minecraft:shulker_box":3,"minecraft:end_stone":256,"minecraft:cobbled_deepslate_slab":1,"minecraft:brown_mushroom_block":86,"minecraft:spruce_leaves":290,"minecraft:moss_block":158,"minecraft:magenta_stained_glass_pane":1,"minecraft:deepslate_brick_slab":54,"minecraft:spruce_sapling":3,"minecraft:carrots":212,"minecraft:nether_sprouts":3,"minecraft:andesite":48,"minecraft:potted_cherry_sapling":1,"minecraft:bookshelf":1,"minecraft:potatoes":179,"minecraft:cobblestone_slab":47,"minecraft:deepslate_iron_ore":61,"minecraft:warped_stem":6,"minecraft:stripped_jungle_log":1,"minecraft:bamboo_sapling":2,"minecraft:bamboo":216,"minecraft:stone":253,"minecraft:podzol":1,"minecraft:oak_slab":202,"minecraft:soul_sand":26,"minecraft:dandelion":1,"minecraft:oak_fence":8,"minecraft:crafting_table":19,"minecraft:short_grass":3,"minecraft:warped_roots":16,"minecraft:andesite_slab":22,"minecraft:lectern":1,"minecraft:tall_grass":2,"minecraft:copper_ore":4,"minecraft:deepslate_coal_ore":61,"minecraft:lapis_ore":1,"minecraft:deepslate_gold_ore":48,"minecraft:sculk":37,"minecraft:diorite":58,"minecraft:warped_wart_block":62,"minecraft:coarse_dirt":7,"minecraft:end_stone_brick_stairs":2,"minecraft:spruce_log":948,"minecraft:coal_ore":10,"minecraft:cherry_leaves":7,"minecraft:gravel":19,"minecraft:dripstone_block":94,"minecraft:oak_button":1,"minecraft:deepslate_emerald_ore":51},"minecraft:killed_by":{"minecraft:zombie":1}},"DataVersion":3953}