{"stats":{"minecraft:crafted":{"minecraft:crafting_table":2,"minecraft:spruce_planks":8},"minecraft:custom":{"minecraft:jump":6,"minecraft:time_since_rest":1723,"minecraft:sprint_one_cm":862,"minecraft:leave_game":1,"minecraft:play_time":1723,"minecraft:damage_taken":50,"minecraft:time_since_death":1723,"minecraft:walk_one_cm":1805,"minecraft:sneak_time":11,"minecraft:total_world_time":1723,"minecraft:interact_with_crafting_table":2,"minecraft:fall_one_cm":569,"minecraft:fly_one_cm":28},"minecraft:picked_up":{"minecraft:spruce_log":2},"minecraft:mined":{"minecraft:spruce_log":2,"minecraft:spruce_leaves":2,"minecraft:powder_snow":2},"minecraft:used":{"minecraft:crafting_table":2}},"DataVersion":3953}