{"stats":{"minecraft:crafted":{"minecraft:crafting_table":2,"minecraft:spruce_planks":8},"minecraft:custom":{"minecraft:time_since_rest":2140,"minecraft:crouch_one_cm":443,"minecraft:play_time":13723,"minecraft:sprint_one_cm":17512,"minecraft:deaths":1,"minecraft:damage_taken":406,"minecraft:walk_one_cm":36421,"minecraft:sneak_time":63,"minecraft:walk_under_water_one_cm":552,"minecraft:mob_kills":1,"minecraft:jump":216,"minecraft:damage_dealt":295,"minecraft:walk_on_water_one_cm":778,"minecraft:time_since_death":2115,"minecraft:leave_game":1,"minecraft:total_world_time":13723,"minecraft:swim_one_cm":486,"minecraft:interact_with_crafting_table":2,"minecraft:fall_one_cm":4799,"minecraft:fly_one_cm":35077},"minecraft:picked_up":{"minecraft:spruce_log":4,"minecraft:sugar_cane":7,"minecraft:dirt":19},"minecraft:mined":{"minecraft:short_grass":1,"minecraft:grass_block":1,"minecraft:dirt":18,"minecraft:packed_ice":5,"minecraft:spruce_leaves":2,"minecraft:spruce_log":3,"minecraft:sugar_cane":5,"minecraft:powder_snow":36},"minecraft:killed":{"minecraft:stray":1},"minecraft:used":{"minecraft:dirt":18,"minecraft:crafting_table":2,"minecraft:spruce_log":2,"minecraft:sugar_cane":4}},"DataVersion":3953}