{"stats":{"minecraft:used":{"minecraft:moss_block":3,"minecraft:oak_fence":8,"minecraft:wooden_axe":47,"minecraft:mangrove_propagule":1,"minecraft:chest":2,"minecraft:wooden_pickaxe":35,"minecraft:wooden_shovel":1,"minecraft:dirt":66,"minecraft:crafting_table":1},"minecraft:picked_up":{"minecraft:mud":4,"minecraft:oak_log":16,"minecraft:dirt":65,"minecraft:oak_sapling":1,"minecraft:moss_block":24,"minecraft:mangrove_propagule":1,"minecraft:cobblestone":9},"minecraft:custom":{"minecraft:time_since_rest":15843,"minecraft:sprint_one_cm":12158,"minecraft:walk_one_cm":14100,"minecraft:damage_dealt":10,"minecraft:traded_with_villager":2,"minecraft:interact_with_crafting_table":10,"minecraft:talked_to_villager":6,"minecraft:fly_one_cm":730,"minecraft:open_chest":4,"minecraft:crouch_one_cm":9237,"minecraft:play_time":15843,"minecraft:sneak_time":4435,"minecraft:jump":7,"minecraft:leave_game":3,"minecraft:time_since_death":15843,"minecraft:total_world_time":15843,"minecraft:fall_one_cm":418},"minecraft:mined":{"minecraft:mud":6,"minecraft:crafting_table":1,"minecraft:grass_block":55,"minecraft:oak_log":20,"minecraft:dirt":1,"minecraft:spruce_leaves":13,"minecraft:stone":19,"minecraft:moss_block":31,"minecraft:mangrove_propagule":1,"minecraft:oak_leaves":4},"minecraft:crafted":{"minecraft:oak_planks":60,"minecraft:mangrove_propagule":1,"minecraft:wooden_shovel":1,"minecraft:stone_shovel":1,"minecraft:raw_gold":3,"minecraft:crafting_table":1,"minecraft:stick":20,"minecraft:wooden_pickaxe":1,"minecraft:stone_pickaxe":1,"minecraft:wooden_axe":1,"minecraft:chest":2,"minecraft:oak_fence":9,"minecraft:stone_axe":1,"minecraft:air":0,"minecraft:moss_carpet":6}},"DataVersion":3953}