{"stats":{"minecraft:killed_by":{"minecraft:zombie_villager":7,"minecraft:zombified_piglin":1,"minecraft:zoglin":1,"minecraft:blaze":10,"minecraft:witch":9,"minecraft:spider":1,"minecraft:hoglin":6,"minecraft:skeleton":1},"minecraft:dropped":{"minecraft:clay":1,"minecraft:iron_sword":1,"minecraft:porkchop":63,"minecraft:lapis_lazuli":9,"minecraft:baked_potato":9,"minecraft:golden_pickaxe":1,"minecraft:diamond":4,"minecraft:emerald":59,"minecraft:dirt":1,"minecraft:gold_nugget":3,"minecraft:iron_pickaxe":2,"minecraft:gravel":24,"minecraft:stone_axe":1,"minecraft:ancient_debris":1,"minecraft:obsidian":1,"minecraft:rotten_flesh":64,"minecraft:diamond_shovel":1,"minecraft:carrot":1,"minecraft:spruce_slab":126,"minecraft:quartz":2,"minecraft:water_bucket":1,"minecraft:iron_ingot":4,"minecraft:amethyst_block":1,"minecraft:apple":2,"minecraft:granite":1,"minecraft:coal":5,"minecraft:golden_apple":1,"minecraft:pufferfish":1,"minecraft:golden_carrot":2,"minecraft:diamond_helmet":1,"minecraft:iron_leggings":2,"minecraft:iron_axe":1,"minecraft:spruce_sapling":34,"minecraft:polished_diorite":2,"minecraft:polished_diorite_slab":9,"minecraft:blaze_rod":1,"minecraft:raw_copper":9,"minecraft:raw_iron":6,"minecraft:diamond_sword":1,"minecraft:cobblestone_slab":108,"minecraft:spruce_trapdoor":64,"minecraft:iron_chestplate":1,"minecraft:andesite":2,"minecraft:oak_sapling":1,"minecraft:diamond_boots":1,"minecraft:bow":1,"minecraft:stone_pickaxe":1,"minecraft:raw_gold":11},"minecraft:broken":{"minecraft:wooden_shovel":1,"minecraft:golden_sword":1,"minecraft:diamond_pickaxe":1,"minecraft:wooden_axe":1,"minecraft:iron_axe":2,"minecraft:golden_pickaxe":1},"minecraft:used":{"minecraft:moss_block":291,"minecraft:moss_carpet":3,"minecraft:light_blue_stained_glass_pane":1,"minecraft:spruce_slab":595,"minecraft:ladder":84,"minecraft:chest":11,"minecraft:shield":25,"minecraft:iron_sword":91,"minecraft:stone":14,"minecraft:rotten_flesh":4,"minecraft:iron_chestplate":4,"minecraft:soul_sand":32,"minecraft:carrot":10,"minecraft:deepslate_brick_slab":91,"minecraft:obsidian":10,"minecraft:glass":51,"minecraft:spruce_boat":2,"minecraft:iron_helmet":1,"minecraft:golden_sword":18,"minecraft:bow":58,"minecraft:warped_fungus":1,"minecraft:oak_sapling":6,"minecraft:furnace":3,"minecraft:potato":13,"minecraft:diorite":15,"minecraft:diamond_boots":2,"minecraft:stone_pickaxe":169,"minecraft:oak_planks":136,"minecraft:polished_diorite_slab":177,"minecraft:blackstone":4,"minecraft:wooden_pickaxe":13,"minecraft:clay":110,"minecraft:composter":1,"minecraft:diamond_axe":226,"minecraft:dripstone_block":219,"minecraft:melon_slice":2,"minecraft:granite_slab":1,"minecraft:magenta_stained_glass_pane":1,"minecraft:diamond_sword":479,"minecraft:pufferfish_bucket":2,"minecraft:smithing_table":1,"minecraft:andesite":53,"minecraft:oak_boat":3,"minecraft:oak_fence":12,"minecraft:diorite_slab":16,"minecraft:coarse_dirt":50,"minecraft:golden_pickaxe":44,"minecraft:bone_meal":332,"minecraft:oak_trapdoor":8,"minecraft:flint_and_steel":15,"minecraft:stone_shovel":59,"minecraft:spruce_planks":640,"minecraft:wooden_shovel":5,"minecraft:stone_hoe":60,"minecraft:trial_key":4,"minecraft:netherrack":74,"minecraft:torch":44,"minecraft:dirt":116,"minecraft:ancient_debris":1,"minecraft:twisting_vines":149,"minecraft:diamond_helmet":3,"minecraft:granite":63,"minecraft:polished_diorite":43,"minecraft:wooden_axe":47,"minecraft:iron_axe":704,"minecraft:iron_boots":1,"minecraft:tadpole_bucket":1,"minecraft:glowstone":4,"minecraft:golden_carrot":3,"minecraft:cooked_beef":4,"minecraft:cobbled_deepslate":49,"minecraft:iron_leggings":4,"minecraft:pointed_dripstone":112,"minecraft:wheat_seeds":5,"minecraft:water_bucket":56,"minecraft:amethyst_block":5,"minecraft:glass_bottle":3,"minecraft:baked_potato":73,"minecraft:andesite_slab":64,"minecraft:brown_mushroom":6,"minecraft:cobblestone_slab":2078,"minecraft:tnt":16,"minecraft:oak_slab":1265,"minecraft:crafting_table":9,"minecraft:white_bed":1,"minecraft:oak_log":31,"minecraft:mud":235,"minecraft:flower_pot":1,"minecraft:diamond_pickaxe":3203,"minecraft:diamond_shovel":94,"minecraft:wind_charge":4,"minecraft:mangrove_propagule":4,"minecraft:iron_pickaxe":136,"minecraft:spruce_trapdoor":361,"minecraft:spruce_sapling":9,"minecraft:stone_axe":5,"minecraft:fishing_rod":4,"minecraft:cobblestone":148,"minecraft:cobbled_deepslate_slab":27,"minecraft:porkchop":10,"minecraft:cooked_porkchop":24,"minecraft:bucket":58,"minecraft:smooth_stone":8},"minecraft:custom":{"minecraft:interact_with_crafting_table":96,"minecraft:leave_game":10,"minecraft:time_since_death":19471,"minecraft:sprint_one_cm":1394720,"minecraft:damage_blocked_by_shield":1230,"minecraft:drop":69,"minecraft:talked_to_villager":69,"minecraft:play_time":632911,"minecraft:deaths":44,"minecraft:jump":4862,"minecraft:interact_with_brewingstand":3,"minecraft:walk_on_water_one_cm":13151,"minecraft:interact_with_furnace":129,"minecraft:traded_with_villager":29,"minecraft:damage_dealt":39623,"minecraft:player_kills":1,"minecraft:crouch_one_cm":627199,"minecraft:mob_kills":474,"minecraft:climb_one_cm":118842,"minecraft:walk_one_cm":562874,"minecraft:sneak_time":152845,"minecraft:walk_under_water_one_cm":9247,"minecraft:interact_with_blast_furnace":45,"minecraft:total_world_time":632911,"minecraft:pot_flower":1,"minecraft:interact_with_stonecutter":5,"minecraft:time_since_rest":19495,"minecraft:damage_taken":20393,"minecraft:swim_one_cm":4821,"minecraft:fly_one_cm":837441,"minecraft:open_chest":903,"minecraft:fish_caught":1,"minecraft:fall_one_cm":140722},"minecraft:mined":{"minecraft:polished_granite_slab":48,"minecraft:spruce_planks":115,"minecraft:white_bed":1,"minecraft:oak_sapling":2,"minecraft:farmland":5,"minecraft:obsidian":40,"minecraft:spruce_trapdoor":135,"minecraft:granite":71,"minecraft:grass_block":162,"minecraft:polished_diorite":22,"minecraft:polished_blackstone_brick_slab":10,"minecraft:oxeye_daisy":1,"minecraft:smooth_stone":5,"minecraft:glowstone":29,"minecraft:iron_ore":4,"minecraft:cobbled_deepslate":17,"minecraft:fire":10,"minecraft:granite_slab":3,"minecraft:deepslate_lapis_ore":37,"minecraft:azure_bluet":1,"minecraft:twisting_vines":77,"minecraft:pointed_dripstone":74,"minecraft:dirt_path":15,"minecraft:spruce_slab":110,"minecraft:deepslate_redstone_ore":30,"minecraft:brown_mushroom":3,"minecraft:blackstone":28,"minecraft:twisting_vines_plant":64,"minecraft:clay":50,"minecraft:torch":10,"minecraft:chest":1,"minecraft:polished_diorite_slab":173,"minecraft:glass":38,"minecraft:nether_quartz_ore":22,"minecraft:cobblestone":58,"minecraft:oak_planks":22,"minecraft:wall_torch":3,"minecraft:amethyst_block":30,"minecraft:deepslate_copper_ore":32,"minecraft:mud":207,"minecraft:wheat":2,"minecraft:warped_fungus":1,"minecraft:oak_log":114,"minecraft:dirt":75,"minecraft:netherrack":93,"minecraft:ancient_debris":20,"minecraft:oak_leaves":47,"minecraft:deepslate":44,"minecraft:nether_gold_ore":22,"minecraft:deepslate_diamond_ore":50,"minecraft:ladder":4,"minecraft:cobbled_deepslate_slab":15,"minecraft:polished_andesite_slab":30,"minecraft:spruce_leaves":127,"minecraft:moss_block":270,"minecraft:mangrove_propagule":2,"minecraft:deepslate_brick_slab":96,"minecraft:diorite_slab":18,"minecraft:redstone_ore":2,"minecraft:oak_trapdoor":4,"minecraft:spruce_sapling":11,"minecraft:carrots":2,"minecraft:andesite":90,"minecraft:potted_cherry_sapling":1,"minecraft:potatoes":11,"minecraft:deepslate_iron_ore":49,"minecraft:cobblestone_slab":1086,"minecraft:stone":160,"minecraft:smithing_table":1,"minecraft:oak_slab":219,"minecraft:soul_sand":29,"minecraft:oak_fence":12,"minecraft:crafting_table":7,"minecraft:short_grass":18,"minecraft:andesite_slab":59,"minecraft:tall_grass":14,"minecraft:copper_ore":2,"minecraft:deepslate_coal_ore":51,"minecraft:lapis_ore":4,"minecraft:deepslate_gold_ore":31,"minecraft:sculk":28,"minecraft:diorite":48,"minecraft:coarse_dirt":2,"minecraft:spruce_log":201,"minecraft:coal_ore":4,"minecraft:dripstone_block":210,"minecraft:gold_ore":2,"minecraft:deepslate_emerald_ore":44},"minecraft:picked_up":{"minecraft:iron_chestplate":7,"minecraft:wheat":245,"minecraft:chainmail_boots":1,"minecraft:flower_pot":3,"minecraft:smithing_table":3,"minecraft:diamond_sword":16,"minecraft:golden_sword":4,"minecraft:amethyst_block":37,"minecraft:string":61,"minecraft:raw_copper":162,"minecraft:iron_leggings":11,"minecraft:pufferfish":1,"minecraft:cobbled_deepslate":113,"minecraft:gold_nugget":270,"minecraft:smooth_stone":11,"minecraft:spruce_planks":110,"minecraft:trial_key":4,"minecraft:cobblestone_slab":1228,"minecraft:iron_pickaxe":3,"minecraft:melon_slice":31,"minecraft:iron_boots":5,"minecraft:stick":30,"minecraft:polished_blackstone_brick_slab":10,"minecraft:sheaf_pottery_sherd":1,"minecraft:oak_fence":12,"minecraft:torch":295,"minecraft:porkchop":1211,"minecraft:pointed_dripstone":410,"minecraft:diorite":65,"minecraft:sniffer_egg":3,"minecraft:rotten_flesh":371,"minecraft:blaze_rod":34,"minecraft:obsidian":116,"minecraft:cod":1,"minecraft:blaze_powder":2,"minecraft:cobblestone":501,"minecraft:polished_diorite_slab":529,"minecraft:feather":1,"minecraft:cooked_beef":5,"minecraft:andesite":198,"minecraft:golden_leggings":1,"minecraft:potato":455,"minecraft:flint":1,"minecraft:danger_pottery_sherd":4,"minecraft:lapis_lazuli":363,"minecraft:dirt":389,"minecraft:twisting_vines":191,"minecraft:leather_boots":1,"minecraft:glass":70,"minecraft:bone":139,"minecraft:bow":15,"minecraft:wheat_seeds":410,"minecraft:deepslate_brick_slab":99,"minecraft:raw_gold":45,"minecraft:cobbled_deepslate_slab":43,"minecraft:glowstone_dust":130,"minecraft:diamond_helmet":4,"minecraft:moss_block":513,"minecraft:oak_planks":426,"minecraft:cooked_porkchop":258,"minecraft:granite_slab":3,"minecraft:clay":1,"minecraft:diamond":71,"minecraft:spruce_boat":3,"minecraft:polished_granite_slab":123,"minecraft:granite":168,"minecraft:bone_meal":124,"minecraft:golden_apple":11,"minecraft:emerald":117,"minecraft:oak_sapling":22,"minecraft:netherrack":244,"minecraft:andesite_slab":60,"minecraft:diamond_pickaxe":8,"minecraft:fishing_rod":1,"minecraft:mud":682,"minecraft:crafting_table":7,"minecraft:coarse_dirt":2,"minecraft:ominous_bottle":1,"minecraft:ladder":138,"minecraft:clay_ball":532,"minecraft:golden_pickaxe":1,"minecraft:leather_leggings":1,"minecraft:brown_mushroom":9,"minecraft:diorite_slab":40,"minecraft:brick":1,"minecraft:shield":9,"minecraft:wind_charge":4,"minecraft:oak_trapdoor":6,"minecraft:iron_axe":6,"minecraft:flint_and_steel":2,"minecraft:blackstone":38,"minecraft:beef":23,"minecraft:oak_boat":1,"minecraft:spruce_slab":194,"minecraft:chest":2,"minecraft:spruce_trapdoor":358,"minecraft:raw_iron":81,"minecraft:carrot":25,"minecraft:redstone":122,"minecraft:tnt":22,"minecraft:arrow":208,"minecraft:light_blue_stained_glass_pane":1,"minecraft:diamond_boots":3,"minecraft:gold_ingot":36,"minecraft:golden_carrot":7,"minecraft:burn_pottery_sherd":2,"minecraft:leather":179,"minecraft:oak_log":204,"minecraft:ancient_debris":27,"minecraft:golden_boots":1,"minecraft:gunpowder":252,"minecraft:apple":3,"minecraft:iron_ingot":17,"minecraft:stone_pickaxe":2,"minecraft:cooked_chicken":1,"minecraft:polished_andesite_slab":30,"minecraft:iron_sword":3,"minecraft:soul_sand":98,"minecraft:oak_slab":282,"minecraft:warped_fungus":4,"minecraft:quartz":53,"minecraft:dripstone_block":580,"minecraft:gravel":11,"minecraft:spruce_sapling":27,"minecraft:white_bed":1,"minecraft:spruce_log":263,"minecraft:spider_eye":60,"minecraft:diamond_shovel":15,"minecraft:pumpkin_seeds":1,"minecraft:slime_ball":6,"minecraft:polished_diorite":89,"minecraft:iron_helmet":1,"minecraft:diamond_axe":10,"minecraft:warped_roots":52,"minecraft:baked_potato":182,"minecraft:mangrove_propagule":2,"minecraft:coal":116,"minecraft:hopper":3,"minecraft:ender_pearl":2},"minecraft:crafted":{"minecraft:oak_planks":932,"minecraft:cobblestone_slab":618,"minecraft:cactus":9,"minecraft:blaze_powder":2,"minecraft:oak_pressure_plate":32,"minecraft:sand":145,"minecraft:potato":4,"minecraft:glass":14,"minecraft:hopper":3,"minecraft:diamond_helmet":2,"minecraft:iron_boots":2,"minecraft:chest":12,"minecraft:stone_hoe":1,"minecraft:ender_eye":4,"minecraft:oak_fence":30,"minecraft:polished_diorite_slab":126,"minecraft:glass_bottle":3,"minecraft:oak_slab":1182,"minecraft:tadpole_bucket":1,"minecraft:cooked_porkchop":114,"minecraft:diamond_axe":4,"minecraft:crafting_table":3,"minecraft:spruce_planks":1816,"minecraft:iron_helmet":2,"minecraft:gravel":52,"minecraft:wooden_pickaxe":1,"minecraft:baked_potato":77,"minecraft:golden_pickaxe":2,"minecraft:spruce_trapdoor":274,"minecraft:iron_chestplate":5,"minecraft:diamond_pickaxe":5,"minecraft:charcoal":12,"minecraft:shield":5,"minecraft:stick":76,"minecraft:iron_ingot":144,"minecraft:iron_pickaxe":3,"minecraft:gold_ingot":46,"minecraft:composter":1,"minecraft:warped_fungus":4,"minecraft:nether_wart":6,"minecraft:coarse_dirt":48,"minecraft:cobbled_deepslate_slab":24,"minecraft:mangrove_propagule":2,"minecraft:raw_iron":32,"minecraft:stone_shovel":1,"minecraft:fishing_rod":1,"minecraft:pointed_dripstone":256,"minecraft:furnace":3,"minecraft:pufferfish_bucket":2,"minecraft:bone_meal":273,"minecraft:oak_trapdoor":22,"minecraft:polished_diorite":64,"minecraft:rabbit_hide":96,"minecraft:iron_axe":4,"minecraft:ladder":42,"minecraft:spruce_slab":624,"minecraft:stone_pickaxe":5,"minecraft:diamond_boots":2,"minecraft:diamond_sword":3,"minecraft:iron_sword":2,"minecraft:bone":14,"minecraft:bucket":1,"minecraft:stone_axe":1,"minecraft:glowstone":4,"minecraft:air":0,"minecraft:oak_boat":2,"minecraft:cobblestone":112,"minecraft:raw_gold":3,"minecraft:andesite_slab":78,"minecraft:iron_leggings":2,"minecraft:torch":20,"minecraft:carrot":12,"minecraft:clay":110},"minecraft:killed":{"minecraft:zombified_piglin":1,"minecraft:witch":1,"minecraft:spider":9,"minecraft:pufferfish":2,"minecraft:skeleton":86,"minecraft:magma_cube":4,"minecraft:piglin":2,"minecraft:zombie_villager":2,"minecraft:creeper":114,"minecraft:zombie":102,"minecraft:cow":23,"minecraft:blaze":29,"minecraft:zoglin":4,"minecraft:phantom":1,"minecraft:hoglin":53,"minecraft:enderman":1}},"DataVersion":3953}