{"stats":{"minecraft:broken":{"minecraft:wooden_shovel":1,"minecraft:iron_axe":2,"minecraft:golden_pickaxe":1},"minecraft:dropped":{"minecraft:water_bucket":1,"minecraft:iron_ingot":4,"minecraft:iron_sword":1,"minecraft:lapis_lazuli":9,"minecraft:baked_potato":9,"minecraft:diamond":4,"minecraft:amethyst_block":1,"minecraft:apple":2,"minecraft:coal":5,"minecraft:pufferfish":1,"minecraft:emerald":59,"minecraft:dirt":1,"minecraft:golden_carrot":2,"minecraft:iron_leggings":1,"minecraft:iron_axe":1,"minecraft:iron_pickaxe":2,"minecraft:gravel":24,"minecraft:ancient_debris":1,"minecraft:blaze_rod":1,"minecraft:raw_copper":5,"minecraft:raw_iron":6,"minecraft:andesite":2,"minecraft:spruce_slab":126,"minecraft:bow":1,"minecraft:stone_pickaxe":1,"minecraft:raw_gold":9},"minecraft:custom":{"minecraft:mob_kills":100,"minecraft:interact_with_crafting_table":60,"minecraft:leave_game":1,"minecraft:time_since_death":36079,"minecraft:climb_one_cm":13803,"minecraft:sprint_one_cm":551153,"minecraft:walk_one_cm":244932,"minecraft:damage_blocked_by_shield":780,"minecraft:drop":41,"minecraft:talked_to_villager":47,"minecraft:play_time":228907,"minecraft:sneak_time":66977,"minecraft:deaths":11,"minecraft:walk_under_water_one_cm":9247,"minecraft:jump":1845,"minecraft:interact_with_blast_furnace":10,"minecraft:walk_on_water_one_cm":12120,"minecraft:total_world_time":228907,"minecraft:interact_with_furnace":72,"minecraft:traded_with_villager":13,"minecraft:time_since_rest":36110,"minecraft:damage_taken":4866,"minecraft:damage_dealt":11929,"minecraft:player_kills":1,"minecraft:swim_one_cm":4821,"minecraft:fly_one_cm":322830,"minecraft:open_chest":278,"minecraft:crouch_one_cm":256847,"minecraft:fall_one_cm":36787},"minecraft:used":{"minecraft:light_blue_stained_glass_pane":1,"minecraft:moss_carpet":3,"minecraft:spruce_slab":575,"minecraft:stone_shovel":59,"minecraft:ladder":57,"minecraft:chest":5,"minecraft:spruce_planks":638,"minecraft:shield":16,"minecraft:iron_sword":91,"minecraft:wooden_shovel":5,"minecraft:stone_hoe":60,"minecraft:rotten_flesh":4,"minecraft:trial_key":4,"minecraft:torch":42,"minecraft:soul_sand":4,"minecraft:dirt":107,"minecraft:ancient_debris":1,"minecraft:carrot":9,"minecraft:granite":8,"minecraft:obsidian":6,"minecraft:spruce_boat":1,"minecraft:glass":16,"minecraft:wooden_axe":37,"minecraft:iron_axe":593,"minecraft:golden_sword":16,"minecraft:bow":2,"minecraft:furnace":3,"minecraft:potato":13,"minecraft:cooked_beef":1,"minecraft:cobbled_deepslate":1,"minecraft:iron_leggings":1,"minecraft:pointed_dripstone":7,"minecraft:wheat_seeds":5,"minecraft:water_bucket":56,"minecraft:diorite":1,"minecraft:stone_pickaxe":39,"minecraft:baked_potato":40,"minecraft:oak_planks":56,"minecraft:wooden_pickaxe":13,"minecraft:diamond_axe":83,"minecraft:composter":1,"minecraft:cobblestone_slab":409,"minecraft:oak_slab":1207,"minecraft:crafting_table":7,"minecraft:dripstone_block":4,"minecraft:oak_log":30,"minecraft:mud":13,"minecraft:diamond_pickaxe":777,"minecraft:wind_charge":4,"minecraft:mangrove_propagule":4,"minecraft:iron_pickaxe":100,"minecraft:spruce_trapdoor":115,"minecraft:spruce_sapling":5,"minecraft:diamond_sword":83,"minecraft:cobblestone":12,"minecraft:pufferfish_bucket":2,"minecraft:porkchop":2,"minecraft:andesite":2,"minecraft:bucket":58,"minecraft:golden_pickaxe":31,"minecraft:oak_boat":1,"minecraft:coarse_dirt":50,"minecraft:bone_meal":52,"minecraft:oak_fence":12,"minecraft:moss_block":128},"minecraft:picked_up":{"minecraft:mud":77,"minecraft:crafting_table":6,"minecraft:iron_chestplate":1,"minecraft:ominous_bottle":1,"minecraft:ladder":92,"minecraft:clay_ball":56,"minecraft:golden_pickaxe":1,"minecraft:brown_mushroom":2,"minecraft:shield":3,"minecraft:golden_sword":2,"minecraft:amethyst_block":19,"minecraft:wind_charge":4,"minecraft:string":9,"minecraft:raw_copper":89,"minecraft:iron_leggings":3,"minecraft:pufferfish":1,"minecraft:blackstone":12,"minecraft:gold_nugget":66,"minecraft:cobbled_deepslate":27,"minecraft:spruce_planks":71,"minecraft:beef":1,"minecraft:trial_key":4,"minecraft:oak_boat":1,"minecraft:cobblestone_slab":109,"minecraft:spruce_slab":66,"minecraft:iron_pickaxe":3,"minecraft:spruce_trapdoor":49,"minecraft:iron_boots":1,"minecraft:stick":14,"minecraft:raw_iron":52,"minecraft:oak_fence":12,"minecraft:torch":11,"minecraft:porkchop":11,"minecraft:pointed_dripstone":68,"minecraft:diorite":32,"minecraft:carrot":9,"minecraft:redstone":90,"minecraft:arrow":29,"minecraft:rotten_flesh":18,"minecraft:light_blue_stained_glass_pane":1,"minecraft:blaze_rod":1,"minecraft:obsidian":14,"minecraft:cobblestone":197,"minecraft:cooked_beef":5,"minecraft:golden_carrot":4,"minecraft:andesite":30,"minecraft:leather":1,"minecraft:golden_leggings":1,"minecraft:potato":32,"minecraft:oak_log":130,"minecraft:ancient_debris":18,"minecraft:gunpowder":33,"minecraft:lapis_lazuli":167,"minecraft:dirt":316,"minecraft:glass":3,"minecraft:bone":26,"minecraft:apple":2,"minecraft:bow":2,"minecraft:wheat_seeds":8,"minecraft:raw_gold":29,"minecraft:iron_ingot":11,"minecraft:glowstone_dust":34,"minecraft:moss_block":111,"minecraft:iron_sword":3,"minecraft:oak_planks":12,"minecraft:soul_sand":23,"minecraft:oak_slab":109,"minecraft:quartz":8,"minecraft:dripstone_block":59,"minecraft:spruce_sapling":17,"minecraft:spruce_log":263,"minecraft:spider_eye":7,"minecraft:diamond_shovel":1,"minecraft:slime_ball":2,"minecraft:diamond":38,"minecraft:granite":36,"minecraft:diamond_axe":1,"minecraft:bone_meal":10,"minecraft:emerald":87,"minecraft:warped_roots":3,"minecraft:oak_sapling":5,"minecraft:netherrack":15,"minecraft:mangrove_propagule":2,"minecraft:coal":49,"minecraft:ender_pearl":1,"minecraft:coarse_dirt":2},"minecraft:crafted":{"minecraft:nether_wart":6,"minecraft:coarse_dirt":48,"minecraft:oak_planks":644,"minecraft:mangrove_propagule":2,"minecraft:cobblestone_slab":420,"minecraft:stone_shovel":1,"minecraft:oak_pressure_plate":32,"minecraft:sand":145,"minecraft:furnace":3,"minecraft:pufferfish_bucket":2,"minecraft:bone_meal":42,"minecraft:potato":4,"minecraft:glass":13,"minecraft:diamond_helmet":2,"minecraft:iron_boots":1,"minecraft:iron_axe":3,"minecraft:ladder":42,"minecraft:spruce_slab":624,"minecraft:stone_pickaxe":2,"minecraft:chest":5,"minecraft:diamond_boots":2,"minecraft:stone_hoe":1,"minecraft:ender_eye":4,"minecraft:oak_fence":30,"minecraft:oak_slab":1086,"minecraft:diamond_sword":2,"minecraft:cooked_porkchop":1,"minecraft:diamond_axe":1,"minecraft:crafting_table":1,"minecraft:spruce_planks":1304,"minecraft:iron_helmet":1,"minecraft:gravel":52,"minecraft:wooden_pickaxe":1,"minecraft:baked_potato":43,"minecraft:iron_sword":2,"minecraft:golden_pickaxe":1,"minecraft:bucket":1,"minecraft:bone":14,"minecraft:air":0,"minecraft:spruce_trapdoor":104,"minecraft:iron_chestplate":3,"minecraft:diamond_pickaxe":1,"minecraft:charcoal":12,"minecraft:shield":2,"minecraft:raw_gold":3,"minecraft:stick":52,"minecraft:iron_ingot":83,"minecraft:iron_pickaxe":2,"minecraft:iron_leggings":2,"minecraft:gold_ingot":3,"minecraft:composter":1,"minecraft:torch":20},"minecraft:killed":{"minecraft:spider":6,"minecraft:zoglin":2,"minecraft:pufferfish":2,"minecraft:phantom":1,"minecraft:skeleton":26,"minecraft:piglin":1,"minecraft:hoglin":4,"minecraft:creeper":26,"minecraft:zombie":27},"minecraft:mined":{"minecraft:nether_gold_ore":12,"minecraft:spruce_planks":103,"minecraft:oak_sapling":2,"minecraft:farmland":5,"minecraft:deepslate_diamond_ore":31,"minecraft:obsidian":12,"minecraft:ladder":1,"minecraft:spruce_trapdoor":50,"minecraft:granite":29,"minecraft:grass_block":109,"minecraft:spruce_leaves":104,"minecraft:moss_block":78,"minecraft:oxeye_daisy":1,"minecraft:mangrove_propagule":2,"minecraft:redstone_ore":2,"minecraft:glowstone":15,"minecraft:spruce_sapling":2,"minecraft:carrots":2,"minecraft:cobbled_deepslate":1,"minecraft:iron_ore":4,"minecraft:fire":8,"minecraft:andesite":21,"minecraft:deepslate_lapis_ore":20,"minecraft:azure_bluet":1,"minecraft:potatoes":8,"minecraft:pointed_dripstone":3,"minecraft:dirt_path":15,"minecraft:deepslate_iron_ore":31,"minecraft:cobblestone_slab":58,"minecraft:stone":105,"minecraft:spruce_slab":63,"minecraft:deepslate_redstone_ore":24,"minecraft:oak_slab":175,"minecraft:soul_sand":14,"minecraft:blackstone":14,"minecraft:clay":9,"minecraft:oak_fence":12,"minecraft:crafting_table":6,"minecraft:torch":8,"minecraft:short_grass":16,"minecraft:glass":1,"minecraft:nether_quartz_ore":10,"minecraft:copper_ore":2,"minecraft:tall_grass":9,"minecraft:cobblestone":4,"minecraft:deepslate_coal_ore":25,"minecraft:deepslate_gold_ore":17,"minecraft:lapis_ore":4,"minecraft:oak_planks":2,"minecraft:sculk":13,"minecraft:diorite":23,"minecraft:wall_torch":1,"minecraft:amethyst_block":19,"minecraft:deepslate_copper_ore":17,"minecraft:coarse_dirt":2,"minecraft:mud":56,"minecraft:spruce_log":201,"minecraft:oak_log":59,"minecraft:coal_ore":4,"minecraft:dripstone_block":39,"minecraft:dirt":67,"minecraft:ancient_debris":16,"minecraft:netherrack":15,"minecraft:gold_ore":2,"minecraft:deepslate_emerald_ore":24,"minecraft:oak_leaves":36,"minecraft:deepslate":24},"minecraft:killed_by":{"minecraft:zombie_villager":1,"minecraft:zoglin":1,"minecraft:hoglin":4,"minecraft:blaze":3}},"DataVersion":3953}