{"stats":{"minecraft:broken":{"minecraft:golden_boots":1,"minecraft:wooden_shovel":1,"minecraft:golden_sword":2,"minecraft:diamond_pickaxe":1,"minecraft:wooden_axe":1,"minecraft:iron_axe":2,"minecraft:iron_pickaxe":1,"minecraft:golden_pickaxe":1},"minecraft:killed":{"minecraft:zombified_piglin":19,"minecraft:witch":2,"minecraft:spider":10,"minecraft:shulker":18,"minecraft:pufferfish":2,"minecraft:skeleton":202,"minecraft:piglin_brute":3,"minecraft:cat":2,"minecraft:magma_cube":5,"minecraft:piglin":44,"minecraft:zombie_villager":5,"minecraft:ender_dragon":1,"minecraft:creeper":247,"minecraft:sheep":1,"minecraft:zombie":226,"minecraft:blaze":44,"minecraft:cow":34,"minecraft:zoglin":4,"minecraft:phantom":3,"minecraft:hoglin":75,"minecraft:enderman":9},"minecraft:picked_up":{"minecraft:shulker_shell":7,"minecraft:iron_chestplate":8,"minecraft:wheat":256,"minecraft:chainmail_boots":1,"minecraft:flower_pot":3,"minecraft:smithing_table":3,"minecraft:diamond_sword":17,"minecraft:enchanted_book":11,"minecraft:potion":9,"minecraft:nether_brick":97,"minecraft:golden_sword":8,"minecraft:amethyst_block":53,"minecraft:string":110,"minecraft:raw_copper":351,"minecraft:deepslate_lapis_ore":1,"minecraft:iron_leggings":11,"minecraft:pufferfish":2,"minecraft:cobbled_deepslate":158,"minecraft:gold_nugget":417,"minecraft:smooth_stone":11,"minecraft:spruce_planks":118,"minecraft:trial_key":9,"minecraft:cobblestone_slab":1863,"minecraft:netherite_upgrade_smithing_template":1,"minecraft:iron_pickaxe":3,"minecraft:melon_slice":31,"minecraft:deepslate_iron_ore":1,"minecraft:iron_boots":6,"minecraft:furnace":4,"minecraft:polished_blackstone_brick_slab":10,"minecraft:stick":38,"minecraft:sheaf_pottery_sherd":1,"minecraft:oak_fence":12,"minecraft:torch":299,"minecraft:porkchop":2252,"minecraft:pointed_dripstone":410,"minecraft:diorite":84,"minecraft:sniffer_egg":3,"minecraft:stone_sword":1,"minecraft:rotten_flesh":436,"minecraft:honey_bottle":4,"minecraft:tropical_fish":1,"minecraft:deepslate_copper_ore":1,"minecraft:blaze_rod":42,"minecraft:obsidian":174,"minecraft:cod":2,"minecraft:blaze_powder":2,"minecraft:cobblestone":723,"minecraft:polished_diorite_slab":580,"minecraft:feather":2,"minecraft:cooked_beef":5,"minecraft:andesite":229,"minecraft:golden_leggings":3,"minecraft:potato":456,"minecraft:flint":2,"minecraft:danger_pottery_sherd":4,"minecraft:dirt":1637,"minecraft:lapis_lazuli":698,"minecraft:twisting_vines":268,"minecraft:leather_boots":2,"minecraft:glass":73,"minecraft:bone":158,"minecraft:acacia_planks":1,"minecraft:bow":20,"minecraft:wheat_seeds":413,"minecraft:deepslate_brick_slab":160,"minecraft:raw_gold":93,"minecraft:cobbled_deepslate_slab":62,"minecraft:netherite_axe":1,"minecraft:diamond_helmet":4,"minecraft:glowstone_dust":216,"minecraft:bamboo":11,"minecraft:moss_block":630,"minecraft:oak_planks":445,"minecraft:cooked_porkchop":314,"minecraft:granite_slab":7,"minecraft:grass_block":1,"minecraft:spectral_arrow":167,"minecraft:shulker_box":4,"minecraft:clay":1,"minecraft:diamond":148,"minecraft:spruce_boat":5,"minecraft:deepslate_gold_ore":1,"minecraft:polished_granite_slab":164,"minecraft:granite":195,"minecraft:bone_meal":124,"minecraft:golden_apple":11,"minecraft:emerald":176,"minecraft:deepslate_coal_ore":1,"minecraft:oak_sapling":26,"minecraft:netherrack":463,"minecraft:andesite_slab":131,"minecraft:crimson_roots":117,"minecraft:diamond_pickaxe":12,"minecraft:fishing_rod":1,"minecraft:mud":754,"minecraft:coarse_dirt":6,"minecraft:crafting_table":8,"minecraft:ominous_bottle":3,"minecraft:splash_potion":4,"minecraft:ladder":138,"minecraft:nether_wart":4,"minecraft:clay_ball":644,"minecraft:golden_pickaxe":1,"minecraft:leather_leggings":1,"minecraft:brown_mushroom":9,"minecraft:diorite_slab":74,"minecraft:brick":1,"minecraft:shield":9,"minecraft:wind_charge":9,"minecraft:cornflower":1,"minecraft:oak_trapdoor":7,"minecraft:flow_banner_pattern":1,"minecraft:iron_axe":7,"minecraft:flint_and_steel":2,"minecraft:blackstone":174,"minecraft:netherite_sword":1,"minecraft:deepslate_diamond_ore":1,"minecraft:beef":34,"minecraft:oak_boat":3,"minecraft:iron_nugget":108,"minecraft:spruce_slab":194,"minecraft:sugar_cane":6,"minecraft:chest":10,"minecraft:piston":4,"minecraft:spruce_trapdoor":413,"minecraft:phantom_membrane":5,"minecraft:raw_copper_block":21,"minecraft:raw_iron":133,"minecraft:end_stone":137,"minecraft:fire_charge":9,"minecraft:mace":1,"minecraft:trident":1,"minecraft:carrot":25,"minecraft:redstone":252,"minecraft:tnt":22,"minecraft:arrow":234,"minecraft:diamond_chestplate":1,"minecraft:light_blue_stained_glass_pane":1,"minecraft:diamond_boots":4,"minecraft:gold_ingot":89,"minecraft:mutton":1,"minecraft:white_wool":1,"minecraft:golden_carrot":8,"minecraft:burn_pottery_sherd":2,"minecraft:salmon":2,"minecraft:leather":383,"minecraft:oak_log":257,"minecraft:ancient_debris":42,"minecraft:golden_boots":2,"minecraft:gunpowder":280,"minecraft:apple":3,"minecraft:iron_ingot":27,"minecraft:stone_pickaxe":2,"minecraft:cooked_chicken":1,"minecraft:polished_andesite_slab":45,"minecraft:iron_sword":3,"minecraft:soul_sand":231,"minecraft:oak_slab":304,"minecraft:warped_fungus":4,"minecraft:sculk":8,"minecraft:quartz":179,"minecraft:dripstone_block":645,"minecraft:gravel":231,"minecraft:spruce_sapling":28,"minecraft:white_bed":1,"minecraft:spruce_log":359,"minecraft:crying_obsidian":30,"minecraft:dragon_egg":1,"minecraft:spider_eye":60,"minecraft:leather_helmet":1,"minecraft:diamond_shovel":15,"minecraft:pumpkin_seeds":1,"minecraft:slime_ball":6,"minecraft:polished_diorite":89,"minecraft:honey_block":2,"minecraft:iron_helmet":1,"minecraft:diamond_axe":15,"minecraft:warped_roots":65,"minecraft:oak_button":4,"minecraft:baked_potato":182,"minecraft:acacia_slab":12,"minecraft:netherite_hoe":2,"minecraft:warped_nylium":1,"minecraft:mangrove_propagule":2,"minecraft:coal":177,"minecraft:hopper":9,"minecraft:ender_pearl":18},"minecraft:crafted":{"minecraft:oak_planks":1060,"minecraft:cobblestone_slab":660,"minecraft:cactus":9,"minecraft:oak_pressure_plate":32,"minecraft:blaze_powder":12,"minecraft:sand":673,"minecraft:stone":69,"minecraft:diamond_shovel":1,"minecraft:potato":4,"minecraft:shulker_box":1,"minecraft:glass":14,"minecraft:hopper":12,"minecraft:diamond_helmet":3,"minecraft:diamond_leggings":1,"minecraft:iron_boots":2,"minecraft:netherite_boots":1,"minecraft:chest":28,"minecraft:end_stone":44,"minecraft:oak_button":5,"minecraft:netherite_upgrade_smithing_template":16,"minecraft:stone_hoe":1,"minecraft:ender_eye":23,"minecraft:oak_fence":30,"minecraft:polished_diorite_slab":126,"minecraft:magma_block":1,"minecraft:glass_bottle":3,"minecraft:oak_slab":1224,"minecraft:tadpole_bucket":1,"minecraft:cooked_porkchop":114,"minecraft:diamond_axe":5,"minecraft:crafting_table":4,"minecraft:spruce_planks":3580,"minecraft:acacia_slab":30,"minecraft:wooden_pickaxe":1,"minecraft:gravel":528,"minecraft:baked_potato":77,"minecraft:iron_helmet":2,"minecraft:smithing_table":1,"minecraft:golden_pickaxe":2,"minecraft:lava_bucket":1,"minecraft:spruce_trapdoor":846,"minecraft:iron_chestplate":5,"minecraft:charcoal":12,"minecraft:diamond_pickaxe":7,"minecraft:shield":5,"minecraft:stick":84,"minecraft:iron_ingot":270,"minecraft:iron_pickaxe":3,"minecraft:gold_ingot":114,"minecraft:sandstone":132,"minecraft:netherite_ingot":5,"minecraft:composter":1,"minecraft:warped_fungus":4,"minecraft:trial_key":1,"minecraft:nether_wart":6,"minecraft:coarse_dirt":1160,"minecraft:cobbled_deepslate_slab":24,"minecraft:mangrove_propagule":2,"minecraft:raw_iron":32,"minecraft:stone_shovel":1,"minecraft:fishing_rod":3,"minecraft:diamond_hoe":1,"minecraft:pointed_dripstone":256,"minecraft:furnace":3,"minecraft:piston":1,"minecraft:pufferfish_bucket":2,"minecraft:bone_meal":273,"minecraft:oak_trapdoor":22,"minecraft:polished_diorite":64,"minecraft:rabbit_hide":96,"minecraft:iron_axe":4,"minecraft:ladder":42,"minecraft:spruce_slab":624,"minecraft:stone_pickaxe":5,"minecraft:diamond_boots":4,"minecraft:honey_block":1,"minecraft:magma_cream":6,"minecraft:sugar":1,"minecraft:diamond_sword":4,"minecraft:iron_sword":2,"minecraft:bone":14,"minecraft:bucket":1,"minecraft:stone_axe":1,"minecraft:glowstone":4,"minecraft:air":0,"minecraft:beetroot_seeds":4,"minecraft:oak_boat":4,"minecraft:golden_apple":1,"minecraft:cobblestone":112,"minecraft:raw_gold":23,"minecraft:andesite_slab":78,"minecraft:fermented_spider_eye":1,"minecraft:iron_leggings":2,"minecraft:torch":20,"minecraft:carrot":12,"minecraft:clay":110,"minecraft:lapis_lazuli":45,"minecraft:diamond_chestplate":1},"minecraft:used":{"minecraft:moss_block":400,"minecraft:light_blue_stained_glass_pane":1,"minecraft:moss_carpet":3,"minecraft:spruce_slab":595,"minecraft:ladder":84,"minecraft:chest":26,"minecraft:shield":25,"minecraft:stone":29,"minecraft:iron_sword":91,"minecraft:nether_wart":1,"minecraft:rotten_flesh":6,"minecraft:iron_chestplate":4,"minecraft:soul_sand":34,"minecraft:carrot":10,"minecraft:deepslate_brick_slab":212,"minecraft:obsidian":13,"minecraft:glass":52,"minecraft:spruce_boat":3,"minecraft:lava_bucket":1,"minecraft:honey_block":3,"minecraft:netherite_shovel":1179,"minecraft:netherite_hoe":1151,"minecraft:iron_helmet":1,"minecraft:golden_sword":19,"minecraft:deepslate_diamond_ore":1,"minecraft:bow":180,"minecraft:warped_fungus":1,"minecraft:furnace":4,"minecraft:oak_sapling":6,"minecraft:beetroot_seeds":1,"minecraft:gold_block":4,"minecraft:potato":13,"minecraft:diorite":15,"minecraft:diamond_boots":2,"minecraft:stone_pickaxe":169,"minecraft:oak_planks":165,"minecraft:polished_diorite_slab":206,"minecraft:blackstone":5,"minecraft:ender_pearl":5,"minecraft:wooden_pickaxe":13,"minecraft:clay":110,"minecraft:composter":1,"minecraft:diamond_axe":435,"minecraft:netherite_leggings":1,"minecraft:dripstone_block":253,"minecraft:end_stone":16,"minecraft:crying_obsidian":2,"minecraft:mace":3,"minecraft:melon_slice":2,"minecraft:polished_andesite_slab":8,"minecraft:blackstone_slab":22,"minecraft:granite_slab":3,"minecraft:magenta_stained_glass_pane":1,"minecraft:diamond_sword":638,"minecraft:pufferfish_bucket":2,"minecraft:smithing_table":2,"minecraft:andesite":53,"minecraft:oak_boat":6,"minecraft:golden_pickaxe":44,"minecraft:bone_meal":377,"minecraft:oak_fence":12,"minecraft:coarse_dirt":920,"minecraft:diorite_slab":415,"minecraft:oak_trapdoor":8,"minecraft:netherite_sword":305,"minecraft:flint_and_steel":15,"minecraft:stone_shovel":59,"minecraft:spruce_planks":649,"minecraft:sculk":16,"minecraft:wooden_shovel":5,"minecraft:stone_hoe":60,"minecraft:netherrack":146,"minecraft:trial_key":9,"minecraft:torch":45,"minecraft:dragon_egg":1,"minecraft:dirt":229,"minecraft:ancient_debris":1,"minecraft:hopper":12,"minecraft:twisting_vines":184,"minecraft:diamond_helmet":4,"minecraft:shulker_box":4,"minecraft:granite":63,"minecraft:polished_diorite":43,"minecraft:wooden_axe":47,"minecraft:iron_axe":764,"minecraft:acacia_slab":37,"minecraft:iron_boots":1,"minecraft:tadpole_bucket":1,"minecraft:glowstone":4,"minecraft:raw_copper_block":54,"minecraft:golden_carrot":4,"minecraft:cooked_beef":4,"minecraft:acacia_planks":1,"minecraft:cobbled_deepslate":49,"minecraft:turtle_egg":6,"minecraft:iron_leggings":4,"minecraft:pointed_dripstone":112,"minecraft:wheat_seeds":5,"minecraft:water_bucket":79,"minecraft:amethyst_block":5,"minecraft:glass_bottle":3,"minecraft:baked_potato":120,"minecraft:andesite_slab":167,"minecraft:brown_mushroom":6,"minecraft:sniffer_egg":1,"minecraft:cobblestone_slab":3025,"minecraft:tnt":16,"minecraft:oak_slab":1398,"minecraft:crafting_table":11,"minecraft:white_bed":1,"minecraft:oak_log":31,"minecraft:mud":241,"minecraft:piston":4,"minecraft:flower_pot":1,"minecraft:ender_eye":12,"minecraft:diamond_pickaxe":5370,"minecraft:diamond_shovel":94,"minecraft:wind_charge":10,"minecraft:mangrove_propagule":4,"minecraft:oak_button":5,"minecraft:iron_pickaxe":291,"minecraft:spruce_trapdoor":1262,"minecraft:spruce_sapling":9,"minecraft:stone_axe":5,"minecraft:fishing_rod":23,"minecraft:cobblestone":259,"minecraft:potion":1,"minecraft:cobbled_deepslate_slab":46,"minecraft:porkchop":13,"minecraft:cooked_porkchop":37,"minecraft:bucket":83,"minecraft:splash_potion":1,"minecraft:smooth_stone":8},"minecraft:custom":{"minecraft:interact_with_crafting_table":174,"minecraft:open_shulker_box":4,"minecraft:leave_game":19,"minecraft:time_since_death":401022,"minecraft:sprint_one_cm":2364305,"minecraft:damage_blocked_by_shield":1230,"minecraft:drop":208,"minecraft:talked_to_villager":115,"minecraft:play_time":1038641,"minecraft:deaths":46,"minecraft:jump":8492,"minecraft:interact_with_brewingstand":7,"minecraft:walk_on_water_one_cm":23611,"minecraft:enchant_item":19,"minecraft:interact_with_furnace":179,"minecraft:traded_with_villager":39,"minecraft:sleep_in_bed":1,"minecraft:damage_dealt":79039,"minecraft:player_kills":2,"minecraft:crouch_one_cm":821055,"minecraft:interact_with_smithing_table":14,"minecraft:mob_kills":1012,"minecraft:interact_with_anvil":6,"minecraft:inspect_hopper":3,"minecraft:climb_one_cm":173537,"minecraft:walk_one_cm":1022585,"minecraft:sneak_time":209945,"minecraft:walk_under_water_one_cm":19048,"minecraft:boat_one_cm":6659,"minecraft:interact_with_blast_furnace":66,"minecraft:total_world_time":1038641,"minecraft:pot_flower":1,"minecraft:interact_with_grindstone":6,"minecraft:interact_with_stonecutter":15,"minecraft:time_since_rest":379166,"minecraft:damage_taken":24499,"minecraft:swim_one_cm":5184,"minecraft:fly_one_cm":2579133,"minecraft:open_chest":1674,"minecraft:fish_caught":6,"minecraft:fall_one_cm":202222},"minecraft:dropped":{"minecraft:iron_sword":1,"minecraft:clay":1,"minecraft:moss_block":6,"minecraft:soul_sand":64,"minecraft:porkchop":63,"minecraft:diamond_axe":3,"minecraft:lapis_lazuli":9,"minecraft:oak_log":2,"minecraft:baked_potato":9,"minecraft:golden_pickaxe":1,"minecraft:glass_bottle":5,"minecraft:diamond":6,"minecraft:netherite_upgrade_smithing_template":1,"minecraft:leather":7,"minecraft:emerald":59,"minecraft:gold_block":1,"minecraft:dirt":1,"minecraft:mace":1,"minecraft:crimson_roots":26,"minecraft:bone_meal":64,"minecraft:gold_nugget":3,"minecraft:iron_pickaxe":2,"minecraft:fermented_spider_eye":1,"minecraft:gold_ingot":349,"minecraft:gravel":88,"minecraft:stone_axe":1,"minecraft:blackstone":1,"minecraft:ancient_debris":4,"minecraft:nether_brick":72,"minecraft:andesite_slab":19,"minecraft:cobbled_deepslate":1,"minecraft:twisting_vines":10,"minecraft:obsidian":12,"minecraft:netherite_sword":1,"minecraft:rotten_flesh":64,"minecraft:diamond_shovel":1,"minecraft:end_stone":40,"minecraft:carrot":1,"minecraft:gunpowder":1,"minecraft:beetroot_seeds":2,"minecraft:spruce_slab":126,"minecraft:blackstone_slab":6,"minecraft:netherrack":47,"minecraft:splash_potion":4,"minecraft:iron_ingot":23,"minecraft:quartz":14,"minecraft:enchanted_book":5,"minecraft:water_bucket":1,"minecraft:golden_boots":1,"minecraft:netherite_axe":1,"minecraft:cobblestone":6,"minecraft:apple":2,"minecraft:amethyst_block":1,"minecraft:granite":1,"minecraft:golden_apple":1,"minecraft:coal":5,"minecraft:pufferfish":2,"minecraft:golden_carrot":2,"minecraft:diamond_helmet":1,"minecraft:potion":3,"minecraft:iron_leggings":2,"minecraft:iron_axe":1,"minecraft:string":14,"minecraft:spruce_sapling":34,"minecraft:polished_diorite":2,"minecraft:netherite_hoe":2,"minecraft:polished_diorite_slab":20,"minecraft:coarse_dirt":251,"minecraft:stone_sword":1,"minecraft:blaze_rod":1,"minecraft:raw_copper":9,"minecraft:raw_iron":6,"minecraft:clay_ball":24,"minecraft:iron_boots":1,"minecraft:diamond_sword":1,"minecraft:cobblestone_slab":108,"minecraft:trial_key":1,"minecraft:diamond_chestplate":1,"minecraft:spruce_trapdoor":64,"minecraft:diamond_pickaxe":1,"minecraft:iron_chestplate":2,"minecraft:andesite":3,"minecraft:oak_boat":1,"minecraft:oak_sapling":1,"minecraft:diamond_boots":3,"minecraft:bow":3,"minecraft:stone_pickaxe":1,"minecraft:raw_gold":11},"minecraft:mined":{"minecraft:polished_granite_slab":48,"minecraft:spruce_planks":120,"minecraft:white_bed":1,"minecraft:oak_sapling":2,"minecraft:farmland":104,"minecraft:obsidian":71,"minecraft:spruce_trapdoor":148,"minecraft:granite":95,"minecraft:grass_block":257,"minecraft:polished_blackstone_brick_slab":10,"minecraft:polished_diorite":22,"minecraft:hopper":5,"minecraft:nether_wart":1,"minecraft:oxeye_daisy":1,"minecraft:smooth_stone":5,"minecraft:glowstone":48,"minecraft:fire":17,"minecraft:iron_ore":4,"minecraft:cobbled_deepslate":17,"minecraft:deepslate_lapis_ore":63,"minecraft:granite_slab":7,"minecraft:azure_bluet":1,"minecraft:twisting_vines":81,"minecraft:pointed_dripstone":74,"minecraft:dirt_path":15,"minecraft:spruce_slab":110,"minecraft:deepslate_redstone_ore":52,"minecraft:brown_mushroom":3,"minecraft:blackstone":54,"minecraft:twisting_vines_plant":82,"minecraft:clay":72,"minecraft:torch":11,"minecraft:chest":4,"minecraft:polished_diorite_slab":196,"minecraft:nether_quartz_ore":35,"minecraft:glass":39,"minecraft:cobblestone":745,"minecraft:sugar_cane":1,"minecraft:oak_planks":47,"minecraft:wall_torch":4,"minecraft:amethyst_block":43,"minecraft:deepslate_copper_ore":58,"minecraft:mud":237,"minecraft:wheat":3,"minecraft:warped_fungus":1,"minecraft:oak_log":164,"minecraft:dirt":1128,"minecraft:raw_copper_block":23,"minecraft:ancient_debris":36,"minecraft:netherrack":114,"minecraft:piston":4,"minecraft:oak_leaves":86,"minecraft:deepslate":78,"minecraft:nether_gold_ore":37,"minecraft:crying_obsidian":1,"minecraft:deepslate_diamond_ore":94,"minecraft:shulker_box":4,"minecraft:end_stone":143,"minecraft:ladder":4,"minecraft:cobbled_deepslate_slab":20,"minecraft:polished_andesite_slab":34,"minecraft:spruce_leaves":158,"minecraft:acacia_slab":9,"minecraft:moss_block":373,"minecraft:mangrove_propagule":2,"minecraft:deepslate_brick_slab":128,"minecraft:diorite_slab":27,"minecraft:redstone_ore":2,"minecraft:oak_trapdoor":4,"minecraft:spruce_sapling":11,"minecraft:furnace":4,"minecraft:carrots":2,"minecraft:andesite":117,"minecraft:potted_cherry_sapling":1,"minecraft:potatoes":11,"minecraft:deepslate_iron_ore":77,"minecraft:cobblestone_slab":1520,"minecraft:bamboo":1,"minecraft:stone":255,"minecraft:smithing_table":1,"minecraft:oak_slab":254,"minecraft:soul_sand":47,"minecraft:oak_fence":12,"minecraft:crafting_table":7,"minecraft:short_grass":21,"minecraft:honey_block":6,"minecraft:andesite_slab":96,"minecraft:copper_ore":2,"minecraft:tall_grass":16,"minecraft:deepslate_coal_ore":77,"minecraft:deepslate_gold_ore":56,"minecraft:lapis_ore":4,"minecraft:sculk":41,"minecraft:diorite":65,"minecraft:coarse_dirt":6,"minecraft:spruce_log":201,"minecraft:coal_ore":4,"minecraft:dripstone_block":275,"minecraft:acacia_planks":1,"minecraft:deepslate_emerald_ore":69,"minecraft:gold_ore":2},"minecraft:killed_by":{"minecraft:zombie_villager":7,"minecraft:zombified_piglin":1,"minecraft:zoglin":1,"minecraft:witch":9,"minecraft:blaze":10,"minecraft:spider":1,"minecraft:hoglin":7,"minecraft:skeleton":1}},"DataVersion":3953}