{"stats":{"minecraft:killed_by":{"minecraft:zombie_villager":1,"minecraft:zoglin":1,"minecraft:hoglin":5,"minecraft:blaze":4},"minecraft:dropped":{"minecraft:water_bucket":1,"minecraft:iron_ingot":4,"minecraft:iron_sword":1,"minecraft:lapis_lazuli":9,"minecraft:baked_potato":9,"minecraft:diamond":4,"minecraft:amethyst_block":1,"minecraft:apple":2,"minecraft:coal":5,"minecraft:pufferfish":1,"minecraft:emerald":59,"minecraft:dirt":1,"minecraft:golden_carrot":2,"minecraft:diamond_helmet":1,"minecraft:iron_leggings":2,"minecraft:iron_axe":1,"minecraft:iron_pickaxe":2,"minecraft:gravel":24,"minecraft:ancient_debris":1,"minecraft:blaze_rod":1,"minecraft:raw_copper":5,"minecraft:raw_iron":6,"minecraft:iron_chestplate":1,"minecraft:andesite":2,"minecraft:diamond_boots":1,"minecraft:spruce_slab":126,"minecraft:bow":1,"minecraft:stone_pickaxe":1,"minecraft:raw_gold":9},"minecraft:used":{"minecraft:spruce_slab":575,"minecraft:stone_shovel":59,"minecraft:ladder":57,"minecraft:chest":5,"minecraft:spruce_planks":638,"minecraft:shield":17,"minecraft:iron_sword":91,"minecraft:wooden_shovel":5,"minecraft:trial_key":4,"minecraft:stone_hoe":60,"minecraft:rotten_flesh":4,"minecraft:netherrack":21,"minecraft:iron_chestplate":2,"minecraft:torch":42,"minecraft:soul_sand":4,"minecraft:dirt":107,"minecraft:ancient_debris":1,"minecraft:carrot":9,"minecraft:diamond_helmet":2,"minecraft:obsidian":6,"minecraft:granite":8,"minecraft:spruce_boat":1,"minecraft:glass":16,"minecraft:wooden_axe":37,"minecraft:iron_axe":593,"minecraft:golden_sword":16,"minecraft:bow":14,"minecraft:furnace":3,"minecraft:potato":13,"minecraft:cooked_beef":1,"minecraft:cobbled_deepslate":1,"minecraft:pointed_dripstone":63,"minecraft:iron_leggings":3,"minecraft:wheat_seeds":5,"minecraft:water_bucket":56,"minecraft:diorite":1,"minecraft:diamond_boots":2,"minecraft:baked_potato":53,"minecraft:oak_planks":64,"minecraft:glass_bottle":3,"minecraft:stone_pickaxe":39,"minecraft:wooden_pickaxe":13,"minecraft:diamond_axe":83,"minecraft:composter":1,"minecraft:cobblestone_slab":1046,"minecraft:oak_slab":1207,"minecraft:crafting_table":8,"minecraft:dripstone_block":7,"minecraft:oak_log":30,"minecraft:mud":16,"minecraft:diamond_pickaxe":897,"minecraft:wind_charge":4,"minecraft:mangrove_propagule":4,"minecraft:iron_pickaxe":100,"minecraft:spruce_trapdoor":132,"minecraft:spruce_sapling":5,"minecraft:diamond_sword":234,"minecraft:cobbled_deepslate_slab":24,"minecraft:cobblestone":17,"minecraft:pufferfish_bucket":2,"minecraft:coarse_dirt":50,"minecraft:porkchop":2,"minecraft:cooked_porkchop":2,"minecraft:andesite":2,"minecraft:light_blue_stained_glass_pane":1,"minecraft:oak_fence":12,"minecraft:bucket":58,"minecraft:golden_pickaxe":31,"minecraft:moss_carpet":3,"minecraft:oak_trapdoor":3,"minecraft:oak_boat":1,"minecraft:bone_meal":54,"minecraft:moss_block":129},"minecraft:crafted":{"minecraft:coarse_dirt":48,"minecraft:nether_wart":6,"minecraft:cobbled_deepslate_slab":24,"minecraft:oak_planks":708,"minecraft:mangrove_propagule":2,"minecraft:cobblestone_slab":510,"minecraft:stone_shovel":1,"minecraft:blaze_powder":2,"minecraft:oak_pressure_plate":32,"minecraft:sand":145,"minecraft:furnace":3,"minecraft:pufferfish_bucket":2,"minecraft:bone_meal":51,"minecraft:potato":4,"minecraft:oak_trapdoor":18,"minecraft:glass":13,"minecraft:diamond_helmet":2,"minecraft:iron_boots":1,"minecraft:iron_axe":3,"minecraft:ladder":42,"minecraft:spruce_slab":624,"minecraft:stone_pickaxe":2,"minecraft:chest":5,"minecraft:diamond_boots":2,"minecraft:stone_hoe":1,"minecraft:ender_eye":4,"minecraft:oak_fence":30,"minecraft:glass_bottle":3,"minecraft:oak_slab":1182,"minecraft:diamond_sword":2,"minecraft:cooked_porkchop":27,"minecraft:diamond_axe":1,"minecraft:crafting_table":2,"minecraft:spruce_planks":1304,"minecraft:iron_helmet":1,"minecraft:gravel":52,"minecraft:wooden_pickaxe":1,"minecraft:baked_potato":43,"minecraft:iron_sword":2,"minecraft:golden_pickaxe":1,"minecraft:bucket":1,"minecraft:bone":14,"minecraft:air":0,"minecraft:spruce_trapdoor":104,"minecraft:iron_chestplate":4,"minecraft:charcoal":12,"minecraft:diamond_pickaxe":1,"minecraft:shield":4,"minecraft:raw_gold":3,"minecraft:stick":52,"minecraft:iron_ingot":84,"minecraft:iron_pickaxe":2,"minecraft:gold_ingot":7,"minecraft:iron_leggings":2,"minecraft:carrot":12,"minecraft:composter":1,"minecraft:torch":20},"minecraft:custom":{"minecraft:mob_kills":250,"minecraft:interact_with_crafting_table":68,"minecraft:leave_game":2,"minecraft:time_since_death":6900,"minecraft:climb_one_cm":23759,"minecraft:sprint_one_cm":644291,"minecraft:walk_one_cm":277863,"minecraft:damage_blocked_by_shield":855,"minecraft:drop":45,"minecraft:talked_to_villager":50,"minecraft:play_time":266299,"minecraft:sneak_time":74167,"minecraft:deaths":15,"minecraft:walk_under_water_one_cm":9247,"minecraft:jump":2184,"minecraft:interact_with_brewingstand":2,"minecraft:interact_with_blast_furnace":18,"minecraft:walk_on_water_one_cm":12365,"minecraft:total_world_time":266299,"minecraft:interact_with_furnace":83,"minecraft:traded_with_villager":16,"minecraft:time_since_rest":6924,"minecraft:damage_taken":6946,"minecraft:damage_dealt":22825,"minecraft:player_kills":1,"minecraft:swim_one_cm":4821,"minecraft:fly_one_cm":416123,"minecraft:open_chest":347,"minecraft:crouch_one_cm":274742,"minecraft:fall_one_cm":50411},"minecraft:picked_up":{"minecraft:coarse_dirt":2,"minecraft:mud":83,"minecraft:crafting_table":6,"minecraft:iron_chestplate":4,"minecraft:wheat":3,"minecraft:ominous_bottle":1,"minecraft:flower_pot":2,"minecraft:ladder":110,"minecraft:clay_ball":60,"minecraft:golden_pickaxe":1,"minecraft:brown_mushroom":2,"minecraft:diamond_sword":2,"minecraft:brick":1,"minecraft:shield":5,"minecraft:golden_sword":4,"minecraft:amethyst_block":19,"minecraft:wind_charge":4,"minecraft:string":9,"minecraft:raw_copper":95,"minecraft:iron_leggings":6,"minecraft:pufferfish":1,"minecraft:blackstone":13,"minecraft:gold_nugget":131,"minecraft:cobbled_deepslate":30,"minecraft:spruce_planks":71,"minecraft:beef":1,"minecraft:trial_key":4,"minecraft:oak_boat":1,"minecraft:cobblestone_slab":151,"minecraft:iron_pickaxe":3,"minecraft:spruce_slab":66,"minecraft:spruce_trapdoor":50,"minecraft:iron_boots":1,"minecraft:raw_iron":56,"minecraft:stick":14,"minecraft:oak_fence":12,"minecraft:torch":11,"minecraft:porkchop":238,"minecraft:pointed_dripstone":82,"minecraft:diorite":32,"minecraft:carrot":9,"minecraft:redstone":90,"minecraft:arrow":54,"minecraft:rotten_flesh":144,"minecraft:light_blue_stained_glass_pane":1,"minecraft:diamond_boots":3,"minecraft:gold_ingot":2,"minecraft:blaze_rod":5,"minecraft:obsidian":15,"minecraft:blaze_powder":2,"minecraft:cobblestone":207,"minecraft:feather":1,"minecraft:cooked_beef":5,"minecraft:golden_carrot":4,"minecraft:andesite":31,"minecraft:leather":52,"minecraft:golden_leggings":1,"minecraft:potato":33,"minecraft:oak_log":131,"minecraft:ancient_debris":18,"minecraft:danger_pottery_sherd":3,"minecraft:golden_boots":1,"minecraft:gunpowder":85,"minecraft:lapis_lazuli":176,"minecraft:dirt":320,"minecraft:twisting_vines":10,"minecraft:leather_boots":1,"minecraft:glass":3,"minecraft:bone":53,"minecraft:apple":2,"minecraft:bow":3,"minecraft:wheat_seeds":15,"minecraft:raw_gold":29,"minecraft:iron_ingot":12,"minecraft:cooked_chicken":1,"minecraft:diamond_helmet":1,"minecraft:glowstone_dust":38,"minecraft:moss_block":116,"minecraft:oak_planks":21,"minecraft:iron_sword":3,"minecraft:soul_sand":27,"minecraft:oak_slab":109,"minecraft:cooked_porkchop":8,"minecraft:quartz":13,"minecraft:dripstone_block":68,"minecraft:spruce_sapling":17,"minecraft:spruce_log":263,"minecraft:spider_eye":7,"minecraft:diamond_shovel":1,"minecraft:pumpkin_seeds":1,"minecraft:slime_ball":2,"minecraft:diamond":42,"minecraft:granite":36,"minecraft:diamond_axe":1,"minecraft:bone_meal":33,"minecraft:warped_roots":17,"minecraft:emerald":88,"minecraft:baked_potato":16,"minecraft:oak_sapling":5,"minecraft:netherrack":58,"minecraft:mangrove_propagule":2,"minecraft:coal":51,"minecraft:diamond_pickaxe":3,"minecraft:ender_pearl":2},"minecraft:killed":{"minecraft:spider":6,"minecraft:zoglin":4,"minecraft:pufferfish":2,"minecraft:phantom":1,"minecraft:skeleton":42,"minecraft:magma_cube":1,"minecraft:piglin":1,"minecraft:zombie_villager":1,"minecraft:hoglin":39,"minecraft:creeper":49,"minecraft:zombie":62,"minecraft:enderman":1,"minecraft:blaze":6},"minecraft:broken":{"minecraft:wooden_shovel":1,"minecraft:iron_axe":2,"minecraft:golden_pickaxe":1},"minecraft:mined":{"minecraft:spruce_planks":103,"minecraft:oak_sapling":2,"minecraft:farmland":5,"minecraft:deepslate_diamond_ore":35,"minecraft:obsidian":13,"minecraft:spruce_trapdoor":50,"minecraft:ladder":4,"minecraft:granite":29,"minecraft:cobbled_deepslate_slab":2,"minecraft:grass_block":113,"minecraft:spruce_leaves":104,"minecraft:moss_block":81,"minecraft:oxeye_daisy":1,"minecraft:mangrove_propagule":2,"minecraft:redstone_ore":2,"minecraft:glowstone":15,"minecraft:spruce_sapling":2,"minecraft:carrots":2,"minecraft:iron_ore":4,"minecraft:fire":8,"minecraft:cobbled_deepslate":2,"minecraft:andesite":22,"minecraft:deepslate_lapis_ore":22,"minecraft:azure_bluet":1,"minecraft:potatoes":9,"minecraft:pointed_dripstone":3,"minecraft:dirt_path":15,"minecraft:deepslate_iron_ore":35,"minecraft:cobblestone_slab":92,"minecraft:stone":111,"minecraft:spruce_slab":63,"minecraft:deepslate_redstone_ore":24,"minecraft:oak_slab":175,"minecraft:soul_sand":16,"minecraft:blackstone":15,"minecraft:clay":10,"minecraft:oak_fence":12,"minecraft:crafting_table":6,"minecraft:torch":8,"minecraft:short_grass":16,"minecraft:nether_quartz_ore":13,"minecraft:copper_ore":2,"minecraft:glass":2,"minecraft:tall_grass":11,"minecraft:cobblestone":9,"minecraft:deepslate_coal_ore":27,"minecraft:deepslate_gold_ore":17,"minecraft:lapis_ore":4,"minecraft:oak_planks":3,"minecraft:sculk":16,"minecraft:diorite":23,"minecraft:wall_torch":1,"minecraft:amethyst_block":19,"minecraft:deepslate_copper_ore":18,"minecraft:coarse_dirt":2,"minecraft:mud":62,"minecraft:wheat":2,"minecraft:spruce_log":201,"minecraft:coal_ore":4,"minecraft:oak_log":60,"minecraft:dripstone_block":46,"minecraft:dirt":68,"minecraft:ancient_debris":16,"minecraft:netherrack":36,"minecraft:gold_ore":2,"minecraft:deepslate_emerald_ore":25,"minecraft:oak_leaves":37,"minecraft:deepslate":26,"minecraft:nether_gold_ore":13}},"DataVersion":3953}