{"stats":{"minecraft:killed_by":{"minecraft:zombie_villager":7,"minecraft:zombified_piglin":1,"minecraft:zoglin":1,"minecraft:blaze":6,"minecraft:witch":9,"minecraft:spider":1,"minecraft:hoglin":5},"minecraft:dropped":{"minecraft:clay":1,"minecraft:iron_sword":1,"minecraft:porkchop":63,"minecraft:lapis_lazuli":9,"minecraft:baked_potato":9,"minecraft:golden_pickaxe":1,"minecraft:diamond":4,"minecraft:emerald":59,"minecraft:dirt":1,"minecraft:iron_pickaxe":2,"minecraft:gravel":24,"minecraft:ancient_debris":1,"minecraft:diamond_shovel":1,"minecraft:carrot":1,"minecraft:spruce_slab":126,"minecraft:water_bucket":1,"minecraft:iron_ingot":4,"minecraft:apple":2,"minecraft:amethyst_block":1,"minecraft:coal":5,"minecraft:golden_apple":1,"minecraft:pufferfish":1,"minecraft:golden_carrot":2,"minecraft:diamond_helmet":1,"minecraft:iron_leggings":2,"minecraft:iron_axe":1,"minecraft:blaze_rod":1,"minecraft:raw_copper":5,"minecraft:raw_iron":6,"minecraft:diamond_sword":1,"minecraft:iron_chestplate":1,"minecraft:andesite":2,"minecraft:diamond_boots":1,"minecraft:bow":1,"minecraft:stone_pickaxe":1,"minecraft:raw_gold":9},"minecraft:crafted":{"minecraft:oak_planks":876,"minecraft:cobblestone_slab":510,"minecraft:oak_pressure_plate":32,"minecraft:blaze_powder":2,"minecraft:sand":145,"minecraft:potato":4,"minecraft:glass":13,"minecraft:diamond_helmet":2,"minecraft:iron_boots":1,"minecraft:chest":5,"minecraft:stone_hoe":1,"minecraft:ender_eye":4,"minecraft:oak_fence":30,"minecraft:polished_diorite_slab":126,"minecraft:glass_bottle":3,"minecraft:oak_slab":1182,"minecraft:cooked_porkchop":114,"minecraft:diamond_axe":2,"minecraft:crafting_table":3,"minecraft:spruce_planks":1304,"minecraft:wooden_pickaxe":1,"minecraft:gravel":52,"minecraft:baked_potato":67,"minecraft:iron_helmet":1,"minecraft:golden_pickaxe":2,"minecraft:spruce_trapdoor":104,"minecraft:iron_chestplate":4,"minecraft:diamond_pickaxe":1,"minecraft:charcoal":12,"minecraft:shield":4,"minecraft:stick":60,"minecraft:iron_ingot":87,"minecraft:iron_pickaxe":2,"minecraft:gold_ingot":42,"minecraft:composter":1,"minecraft:nether_wart":6,"minecraft:coarse_dirt":48,"minecraft:cobbled_deepslate_slab":24,"minecraft:mangrove_propagule":2,"minecraft:stone_shovel":1,"minecraft:fishing_rod":1,"minecraft:furnace":3,"minecraft:pufferfish_bucket":2,"minecraft:bone_meal":96,"minecraft:oak_trapdoor":22,"minecraft:polished_diorite":64,"minecraft:iron_axe":3,"minecraft:ladder":42,"minecraft:spruce_slab":624,"minecraft:stone_pickaxe":5,"minecraft:diamond_boots":2,"minecraft:diamond_sword":2,"minecraft:iron_sword":2,"minecraft:bucket":1,"minecraft:bone":14,"minecraft:stone_axe":1,"minecraft:glowstone":4,"minecraft:air":0,"minecraft:oak_boat":2,"minecraft:raw_gold":3,"minecraft:iron_leggings":2,"minecraft:torch":20,"minecraft:carrot":12},"minecraft:used":{"minecraft:moss_block":196,"minecraft:moss_carpet":3,"minecraft:light_blue_stained_glass_pane":1,"minecraft:spruce_slab":595,"minecraft:ladder":84,"minecraft:chest":5,"minecraft:shield":19,"minecraft:iron_sword":91,"minecraft:rotten_flesh":4,"minecraft:iron_chestplate":3,"minecraft:soul_sand":4,"minecraft:carrot":10,"minecraft:obsidian":10,"minecraft:spruce_boat":2,"minecraft:glass":16,"minecraft:golden_sword":18,"minecraft:bow":23,"minecraft:furnace":3,"minecraft:oak_sapling":6,"minecraft:potato":13,"minecraft:diorite":7,"minecraft:diamond_boots":2,"minecraft:stone_pickaxe":97,"minecraft:oak_planks":132,"minecraft:polished_diorite_slab":112,"minecraft:wooden_pickaxe":13,"minecraft:composter":1,"minecraft:diamond_axe":217,"minecraft:dripstone_block":48,"minecraft:melon_slice":1,"minecraft:diamond_sword":261,"minecraft:pufferfish_bucket":2,"minecraft:andesite":11,"minecraft:oak_boat":3,"minecraft:coarse_dirt":50,"minecraft:bone_meal":84,"minecraft:golden_pickaxe":44,"minecraft:oak_trapdoor":7,"minecraft:oak_fence":12,"minecraft:stone_shovel":59,"minecraft:spruce_planks":640,"minecraft:wooden_shovel":5,"minecraft:stone_hoe":60,"minecraft:netherrack":21,"minecraft:trial_key":4,"minecraft:torch":44,"minecraft:dirt":107,"minecraft:ancient_debris":1,"minecraft:diamond_helmet":3,"minecraft:granite":21,"minecraft:polished_diorite":20,"minecraft:wooden_axe":37,"minecraft:iron_axe":593,"minecraft:iron_boots":1,"minecraft:glowstone":4,"minecraft:golden_carrot":3,"minecraft:cooked_beef":4,"minecraft:cobbled_deepslate":44,"minecraft:iron_leggings":3,"minecraft:pointed_dripstone":67,"minecraft:wheat_seeds":5,"minecraft:water_bucket":56,"minecraft:amethyst_block":5,"minecraft:glass_bottle":3,"minecraft:baked_potato":63,"minecraft:cobblestone_slab":1154,"minecraft:oak_slab":1251,"minecraft:crafting_table":9,"minecraft:white_bed":1,"minecraft:oak_log":31,"minecraft:mud":16,"minecraft:diamond_pickaxe":945,"minecraft:diamond_shovel":7,"minecraft:wind_charge":4,"minecraft:mangrove_propagule":4,"minecraft:iron_pickaxe":100,"minecraft:spruce_trapdoor":133,"minecraft:spruce_sapling":9,"minecraft:stone_axe":4,"minecraft:fishing_rod":4,"minecraft:cobblestone":21,"minecraft:cobbled_deepslate_slab":24,"minecraft:cooked_porkchop":13,"minecraft:porkchop":4,"minecraft:bucket":58},"minecraft:custom":{"minecraft:interact_with_crafting_table":80,"minecraft:leave_game":2,"minecraft:time_since_death":48695,"minecraft:sprint_one_cm":836247,"minecraft:damage_blocked_by_shield":930,"minecraft:drop":52,"minecraft:talked_to_villager":51,"minecraft:play_time":380299,"minecraft:deaths":34,"minecraft:jump":2952,"minecraft:interact_with_brewingstand":3,"minecraft:walk_on_water_one_cm":12442,"minecraft:interact_with_furnace":108,"minecraft:traded_with_villager":16,"minecraft:damage_dealt":25988,"minecraft:player_kills":1,"minecraft:crouch_one_cm":351449,"minecraft:mob_kills":269,"minecraft:climb_one_cm":23962,"minecraft:walk_one_cm":347833,"minecraft:sneak_time":86603,"minecraft:walk_under_water_one_cm":9247,"minecraft:interact_with_blast_furnace":27,"minecraft:total_world_time":380299,"minecraft:time_since_rest":48723,"minecraft:damage_taken":14322,"minecraft:swim_one_cm":4821,"minecraft:fly_one_cm":573264,"minecraft:open_chest":513,"minecraft:fish_caught":1,"minecraft:fall_one_cm":70348},"minecraft:picked_up":{"minecraft:iron_chestplate":5,"minecraft:wheat":225,"minecraft:flower_pot":2,"minecraft:diamond_sword":10,"minecraft:golden_sword":4,"minecraft:amethyst_block":22,"minecraft:string":60,"minecraft:raw_copper":104,"minecraft:iron_leggings":7,"minecraft:pufferfish":1,"minecraft:gold_nugget":151,"minecraft:cobbled_deepslate":86,"minecraft:spruce_planks":108,"minecraft:trial_key":4,"minecraft:cobblestone_slab":175,"minecraft:iron_pickaxe":3,"minecraft:melon_slice":25,"minecraft:iron_boots":4,"minecraft:stick":28,"minecraft:oak_fence":12,"minecraft:torch":288,"minecraft:porkchop":632,"minecraft:pointed_dripstone":88,"minecraft:diorite":35,"minecraft:rotten_flesh":200,"minecraft:blaze_rod":8,"minecraft:obsidian":72,"minecraft:cod":1,"minecraft:blaze_powder":2,"minecraft:cobblestone":228,"minecraft:polished_diorite_slab":125,"minecraft:feather":1,"minecraft:cooked_beef":5,"minecraft:andesite":42,"minecraft:golden_leggings":1,"minecraft:potato":452,"minecraft:danger_pottery_sherd":3,"minecraft:dirt":338,"minecraft:lapis_lazuli":182,"minecraft:twisting_vines":10,"minecraft:leather_boots":1,"minecraft:glass":3,"minecraft:bone":80,"minecraft:bow":7,"minecraft:wheat_seeds":410,"minecraft:raw_gold":30,"minecraft:diamond_helmet":4,"minecraft:glowstone_dust":45,"minecraft:moss_block":235,"minecraft:oak_planks":397,"minecraft:cooked_porkchop":206,"minecraft:clay":1,"minecraft:diamond":45,"minecraft:spruce_boat":2,"minecraft:granite":51,"minecraft:bone_meal":99,"minecraft:golden_apple":11,"minecraft:emerald":90,"minecraft:oak_sapling":17,"minecraft:netherrack":67,"minecraft:fishing_rod":1,"minecraft:diamond_pickaxe":3,"minecraft:mud":128,"minecraft:crafting_table":6,"minecraft:coarse_dirt":2,"minecraft:ominous_bottle":1,"minecraft:ladder":111,"minecraft:clay_ball":96,"minecraft:golden_pickaxe":1,"minecraft:brown_mushroom":2,"minecraft:shield":7,"minecraft:brick":1,"minecraft:wind_charge":4,"minecraft:blackstone":15,"minecraft:beef":1,"minecraft:oak_boat":1,"minecraft:spruce_slab":194,"minecraft:spruce_trapdoor":139,"minecraft:raw_iron":57,"minecraft:carrot":23,"minecraft:redstone":90,"minecraft:arrow":107,"minecraft:light_blue_stained_glass_pane":1,"minecraft:diamond_boots":3,"minecraft:gold_ingot":2,"minecraft:golden_carrot":7,"minecraft:leather":52,"minecraft:oak_log":182,"minecraft:ancient_debris":18,"minecraft:golden_boots":1,"minecraft:gunpowder":180,"minecraft:apple":3,"minecraft:iron_ingot":16,"minecraft:stone_pickaxe":1,"minecraft:cooked_chicken":1,"minecraft:iron_sword":3,"minecraft:soul_sand":30,"minecraft:oak_slab":267,"minecraft:quartz":43,"minecraft:dripstone_block":195,"minecraft:spruce_sapling":26,"minecraft:white_bed":1,"minecraft:spruce_log":263,"minecraft:spider_eye":45,"minecraft:diamond_shovel":13,"minecraft:pumpkin_seeds":1,"minecraft:slime_ball":6,"minecraft:polished_diorite":52,"minecraft:diamond_axe":9,"minecraft:warped_roots":20,"minecraft:baked_potato":147,"minecraft:coal":53,"minecraft:mangrove_propagule":2,"minecraft:ender_pearl":2},"minecraft:broken":{"minecraft:wooden_shovel":1,"minecraft:golden_sword":1,"minecraft:iron_axe":2,"minecraft:golden_pickaxe":1},"minecraft:killed":{"minecraft:witch":1,"minecraft:spider":9,"minecraft:pufferfish":2,"minecraft:skeleton":42,"minecraft:magma_cube":1,"minecraft:piglin":1,"minecraft:zombie_villager":1,"minecraft:creeper":60,"minecraft:zombie":63,"minecraft:blaze":8,"minecraft:zoglin":4,"minecraft:phantom":1,"minecraft:hoglin":39,"minecraft:enderman":1},"minecraft:mined":{"minecraft:spruce_planks":114,"minecraft:white_bed":1,"minecraft:oak_sapling":2,"minecraft:farmland":5,"minecraft:obsidian":14,"minecraft:spruce_trapdoor":50,"minecraft:granite":34,"minecraft:grass_block":129,"minecraft:oxeye_daisy":1,"minecraft:glowstone":16,"minecraft:iron_ore":4,"minecraft:cobbled_deepslate":11,"minecraft:fire":9,"minecraft:deepslate_lapis_ore":23,"minecraft:azure_bluet":1,"minecraft:pointed_dripstone":7,"minecraft:dirt_path":15,"minecraft:spruce_slab":109,"minecraft:deepslate_redstone_ore":24,"minecraft:blackstone":17,"minecraft:clay":14,"minecraft:torch":10,"minecraft:polished_diorite_slab":4,"minecraft:glass":2,"minecraft:nether_quartz_ore":15,"minecraft:cobblestone":12,"minecraft:oak_planks":13,"minecraft:wall_torch":1,"minecraft:amethyst_block":22,"minecraft:deepslate_copper_ore":20,"minecraft:mud":67,"minecraft:wheat":2,"minecraft:oak_log":100,"minecraft:dirt":68,"minecraft:netherrack":37,"minecraft:ancient_debris":16,"minecraft:oak_leaves":41,"minecraft:deepslate":31,"minecraft:nether_gold_ore":14,"minecraft:deepslate_diamond_ore":36,"minecraft:ladder":4,"minecraft:cobbled_deepslate_slab":2,"minecraft:spruce_leaves":107,"minecraft:moss_block":152,"minecraft:mangrove_propagule":2,"minecraft:redstone_ore":2,"minecraft:spruce_sapling":10,"minecraft:carrots":2,"minecraft:andesite":24,"minecraft:potatoes":9,"minecraft:cobblestone_slab":106,"minecraft:deepslate_iron_ore":36,"minecraft:stone":119,"minecraft:oak_slab":213,"minecraft:soul_sand":17,"minecraft:oak_fence":12,"minecraft:crafting_table":6,"minecraft:short_grass":16,"minecraft:tall_grass":11,"minecraft:copper_ore":2,"minecraft:deepslate_coal_ore":29,"minecraft:lapis_ore":4,"minecraft:deepslate_gold_ore":18,"minecraft:sculk":20,"minecraft:diorite":25,"minecraft:coarse_dirt":2,"minecraft:spruce_log":201,"minecraft:coal_ore":4,"minecraft:dripstone_block":49,"minecraft:gold_ore":2,"minecraft:deepslate_emerald_ore":27}},"DataVersion":3953}