{"stats":{"minecraft:killed_by":{"minecraft:zombie_villager":7,"minecraft:zombified_piglin":1,"minecraft:zoglin":1,"minecraft:blaze":6,"minecraft:witch":9,"minecraft:spider":1,"minecraft:hoglin":5,"minecraft:skeleton":1},"minecraft:dropped":{"minecraft:clay":1,"minecraft:iron_sword":1,"minecraft:porkchop":63,"minecraft:lapis_lazuli":9,"minecraft:baked_potato":9,"minecraft:golden_pickaxe":1,"minecraft:diamond":4,"minecraft:emerald":59,"minecraft:dirt":1,"minecraft:iron_pickaxe":2,"minecraft:gravel":24,"minecraft:stone_axe":1,"minecraft:ancient_debris":1,"minecraft:diamond_shovel":1,"minecraft:carrot":1,"minecraft:spruce_slab":126,"minecraft:water_bucket":1,"minecraft:iron_ingot":4,"minecraft:amethyst_block":1,"minecraft:apple":2,"minecraft:coal":5,"minecraft:golden_apple":1,"minecraft:pufferfish":1,"minecraft:golden_carrot":2,"minecraft:diamond_helmet":1,"minecraft:iron_leggings":2,"minecraft:iron_axe":1,"minecraft:spruce_sapling":34,"minecraft:blaze_rod":1,"minecraft:raw_copper":5,"minecraft:raw_iron":6,"minecraft:diamond_sword":1,"minecraft:iron_chestplate":1,"minecraft:andesite":2,"minecraft:oak_sapling":1,"minecraft:diamond_boots":1,"minecraft:bow":1,"minecraft:stone_pickaxe":1,"minecraft:raw_gold":9},"minecraft:crafted":{"minecraft:oak_planks":888,"minecraft:cobblestone_slab":510,"minecraft:cactus":9,"minecraft:oak_pressure_plate":32,"minecraft:blaze_powder":2,"minecraft:sand":145,"minecraft:potato":4,"minecraft:glass":13,"minecraft:diamond_helmet":2,"minecraft:iron_boots":2,"minecraft:chest":7,"minecraft:stone_hoe":1,"minecraft:ender_eye":4,"minecraft:oak_fence":30,"minecraft:polished_diorite_slab":126,"minecraft:glass_bottle":3,"minecraft:oak_slab":1182,"minecraft:tadpole_bucket":1,"minecraft:cooked_porkchop":114,"minecraft:diamond_axe":3,"minecraft:crafting_table":3,"minecraft:spruce_planks":1304,"minecraft:iron_helmet":2,"minecraft:gravel":52,"minecraft:wooden_pickaxe":1,"minecraft:baked_potato":77,"minecraft:golden_pickaxe":2,"minecraft:spruce_trapdoor":104,"minecraft:iron_chestplate":5,"minecraft:diamond_pickaxe":2,"minecraft:charcoal":12,"minecraft:shield":5,"minecraft:stick":68,"minecraft:iron_ingot":125,"minecraft:iron_pickaxe":3,"minecraft:gold_ingot":46,"minecraft:composter":1,"minecraft:nether_wart":6,"minecraft:coarse_dirt":48,"minecraft:cobbled_deepslate_slab":24,"minecraft:mangrove_propagule":2,"minecraft:raw_iron":32,"minecraft:stone_shovel":1,"minecraft:fishing_rod":1,"minecraft:furnace":3,"minecraft:pufferfish_bucket":2,"minecraft:bone_meal":204,"minecraft:oak_trapdoor":22,"minecraft:polished_diorite":64,"minecraft:iron_axe":3,"minecraft:ladder":42,"minecraft:spruce_slab":624,"minecraft:stone_pickaxe":5,"minecraft:diamond_boots":2,"minecraft:diamond_sword":2,"minecraft:iron_sword":2,"minecraft:bone":14,"minecraft:bucket":1,"minecraft:stone_axe":1,"minecraft:glowstone":4,"minecraft:air":0,"minecraft:oak_boat":2,"minecraft:raw_gold":3,"minecraft:andesite_slab":78,"minecraft:iron_leggings":2,"minecraft:torch":20,"minecraft:carrot":12},"minecraft:used":{"minecraft:moss_block":252,"minecraft:light_blue_stained_glass_pane":1,"minecraft:moss_carpet":3,"minecraft:spruce_slab":595,"minecraft:ladder":84,"minecraft:chest":7,"minecraft:shield":19,"minecraft:iron_sword":91,"minecraft:rotten_flesh":4,"minecraft:iron_chestplate":3,"minecraft:soul_sand":4,"minecraft:carrot":10,"minecraft:obsidian":10,"minecraft:spruce_boat":2,"minecraft:glass":30,"minecraft:golden_sword":18,"minecraft:bow":23,"minecraft:furnace":3,"minecraft:oak_sapling":6,"minecraft:potato":13,"minecraft:diorite":9,"minecraft:diamond_boots":2,"minecraft:stone_pickaxe":169,"minecraft:oak_planks":136,"minecraft:polished_diorite_slab":112,"minecraft:wooden_pickaxe":13,"minecraft:composter":1,"minecraft:diamond_axe":225,"minecraft:dripstone_block":49,"minecraft:melon_slice":2,"minecraft:magenta_stained_glass_pane":1,"minecraft:diamond_sword":390,"minecraft:pufferfish_bucket":2,"minecraft:smithing_table":1,"minecraft:andesite":28,"minecraft:oak_boat":3,"minecraft:coarse_dirt":50,"minecraft:oak_fence":12,"minecraft:bone_meal":192,"minecraft:golden_pickaxe":44,"minecraft:oak_trapdoor":7,"minecraft:stone_shovel":59,"minecraft:spruce_planks":640,"minecraft:wooden_shovel":5,"minecraft:stone_hoe":60,"minecraft:trial_key":4,"minecraft:netherrack":22,"minecraft:torch":44,"minecraft:dirt":107,"minecraft:ancient_debris":1,"minecraft:diamond_helmet":3,"minecraft:granite":21,"minecraft:polished_diorite":20,"minecraft:wooden_axe":47,"minecraft:iron_axe":593,"minecraft:iron_boots":1,"minecraft:tadpole_bucket":1,"minecraft:glowstone":4,"minecraft:golden_carrot":3,"minecraft:cooked_beef":4,"minecraft:cobbled_deepslate":44,"minecraft:iron_leggings":3,"minecraft:pointed_dripstone":67,"minecraft:wheat_seeds":5,"minecraft:water_bucket":56,"minecraft:amethyst_block":5,"minecraft:glass_bottle":3,"minecraft:baked_potato":63,"minecraft:andesite_slab":62,"minecraft:brown_mushroom":6,"minecraft:cobblestone_slab":1154,"minecraft:oak_slab":1265,"minecraft:crafting_table":9,"minecraft:white_bed":1,"minecraft:oak_log":31,"minecraft:mud":16,"minecraft:diamond_pickaxe":1100,"minecraft:diamond_shovel":7,"minecraft:wind_charge":4,"minecraft:mangrove_propagule":4,"minecraft:iron_pickaxe":134,"minecraft:spruce_trapdoor":143,"minecraft:spruce_sapling":9,"minecraft:stone_axe":5,"minecraft:fishing_rod":4,"minecraft:cobblestone":30,"minecraft:cobbled_deepslate_slab":24,"minecraft:porkchop":4,"minecraft:cooked_porkchop":15,"minecraft:bucket":58},"minecraft:custom":{"minecraft:interact_with_crafting_table":90,"minecraft:leave_game":5,"minecraft:time_since_death":45966,"minecraft:sprint_one_cm":931356,"minecraft:damage_blocked_by_shield":930,"minecraft:drop":55,"minecraft:talked_to_villager":60,"minecraft:play_time":443750,"minecraft:deaths":35,"minecraft:jump":3315,"minecraft:interact_with_brewingstand":3,"minecraft:walk_on_water_one_cm":12632,"minecraft:interact_with_furnace":125,"minecraft:traded_with_villager":22,"minecraft:damage_dealt":33717,"minecraft:player_kills":1,"minecraft:crouch_one_cm":372581,"minecraft:mob_kills":431,"minecraft:climb_one_cm":23962,"minecraft:walk_one_cm":387806,"minecraft:sneak_time":91789,"minecraft:walk_under_water_one_cm":9247,"minecraft:interact_with_blast_furnace":41,"minecraft:total_world_time":443750,"minecraft:time_since_rest":46004,"minecraft:damage_taken":14650,"minecraft:swim_one_cm":4821,"minecraft:fly_one_cm":628291,"minecraft:open_chest":634,"minecraft:fish_caught":1,"minecraft:fall_one_cm":75486},"minecraft:picked_up":{"minecraft:iron_chestplate":5,"minecraft:wheat":245,"minecraft:chainmail_boots":1,"minecraft:flower_pot":2,"minecraft:smithing_table":1,"minecraft:diamond_sword":12,"minecraft:golden_sword":4,"minecraft:amethyst_block":27,"minecraft:string":61,"minecraft:raw_copper":123,"minecraft:iron_leggings":9,"minecraft:pufferfish":1,"minecraft:gold_nugget":159,"minecraft:cobbled_deepslate":94,"minecraft:spruce_planks":110,"minecraft:trial_key":4,"minecraft:cobblestone_slab":179,"minecraft:iron_pickaxe":3,"minecraft:melon_slice":31,"minecraft:iron_boots":4,"minecraft:stick":29,"minecraft:sheaf_pottery_sherd":1,"minecraft:oak_fence":12,"minecraft:torch":290,"minecraft:porkchop":632,"minecraft:pointed_dripstone":88,"minecraft:diorite":43,"minecraft:rotten_flesh":277,"minecraft:blaze_rod":8,"minecraft:obsidian":82,"minecraft:cod":1,"minecraft:blaze_powder":2,"minecraft:cobblestone":251,"minecraft:polished_diorite_slab":134,"minecraft:feather":1,"minecraft:cooked_beef":5,"minecraft:andesite":152,"minecraft:golden_leggings":1,"minecraft:potato":453,"minecraft:danger_pottery_sherd":4,"minecraft:lapis_lazuli":232,"minecraft:dirt":357,"minecraft:twisting_vines":10,"minecraft:leather_boots":1,"minecraft:glass":3,"minecraft:bone":139,"minecraft:bow":10,"minecraft:wheat_seeds":410,"minecraft:raw_gold":32,"minecraft:glowstone_dust":66,"minecraft:diamond_helmet":4,"minecraft:moss_block":297,"minecraft:oak_planks":421,"minecraft:cooked_porkchop":252,"minecraft:clay":1,"minecraft:diamond":54,"minecraft:spruce_boat":3,"minecraft:granite":59,"minecraft:bone_meal":99,"minecraft:golden_apple":11,"minecraft:emerald":93,"minecraft:oak_sapling":17,"minecraft:netherrack":70,"minecraft:andesite_slab":17,"minecraft:fishing_rod":1,"minecraft:diamond_pickaxe":3,"minecraft:mud":141,"minecraft:crafting_table":6,"minecraft:coarse_dirt":2,"minecraft:ominous_bottle":1,"minecraft:ladder":111,"minecraft:clay_ball":124,"minecraft:golden_pickaxe":1,"minecraft:leather_leggings":1,"minecraft:brown_mushroom":9,"minecraft:brick":1,"minecraft:shield":9,"minecraft:wind_charge":4,"minecraft:blackstone":22,"minecraft:beef":23,"minecraft:oak_boat":1,"minecraft:spruce_slab":194,"minecraft:spruce_trapdoor":139,"minecraft:raw_iron":67,"minecraft:carrot":25,"minecraft:redstone":117,"minecraft:arrow":173,"minecraft:light_blue_stained_glass_pane":1,"minecraft:diamond_boots":3,"minecraft:gold_ingot":36,"minecraft:golden_carrot":7,"minecraft:burn_pottery_sherd":2,"minecraft:leather":73,"minecraft:oak_log":186,"minecraft:ancient_debris":19,"minecraft:golden_boots":1,"minecraft:gunpowder":252,"minecraft:apple":3,"minecraft:iron_ingot":17,"minecraft:stone_pickaxe":2,"minecraft:cooked_chicken":1,"minecraft:iron_sword":3,"minecraft:soul_sand":35,"minecraft:oak_slab":282,"minecraft:quartz":44,"minecraft:dripstone_block":205,"minecraft:spruce_sapling":26,"minecraft:white_bed":1,"minecraft:spruce_log":263,"minecraft:spider_eye":50,"minecraft:diamond_shovel":13,"minecraft:pumpkin_seeds":1,"minecraft:slime_ball":6,"minecraft:polished_diorite":52,"minecraft:diamond_axe":9,"minecraft:warped_roots":20,"minecraft:baked_potato":147,"minecraft:mangrove_propagule":2,"minecraft:coal":65,"minecraft:ender_pearl":2},"minecraft:broken":{"minecraft:wooden_shovel":1,"minecraft:golden_sword":1,"minecraft:wooden_axe":1,"minecraft:iron_axe":2,"minecraft:golden_pickaxe":1},"minecraft:killed":{"minecraft:witch":1,"minecraft:spider":9,"minecraft:pufferfish":2,"minecraft:skeleton":86,"minecraft:magma_cube":1,"minecraft:piglin":1,"minecraft:zombie_villager":2,"minecraft:creeper":114,"minecraft:zombie":102,"minecraft:cow":23,"minecraft:blaze":9,"minecraft:zoglin":4,"minecraft:phantom":1,"minecraft:hoglin":39,"minecraft:enderman":1},"minecraft:mined":{"minecraft:spruce_planks":115,"minecraft:white_bed":1,"minecraft:oak_sapling":2,"minecraft:farmland":5,"minecraft:obsidian":22,"minecraft:spruce_trapdoor":50,"minecraft:granite":41,"minecraft:grass_block":144,"minecraft:oxeye_daisy":1,"minecraft:glowstone":21,"minecraft:iron_ore":4,"minecraft:cobbled_deepslate":13,"minecraft:fire":9,"minecraft:deepslate_lapis_ore":29,"minecraft:azure_bluet":1,"minecraft:pointed_dripstone":7,"minecraft:dirt_path":15,"minecraft:spruce_slab":110,"minecraft:deepslate_redstone_ore":29,"minecraft:brown_mushroom":3,"minecraft:blackstone":20,"minecraft:clay":16,"minecraft:torch":10,"minecraft:polished_diorite_slab":14,"minecraft:glass":3,"minecraft:nether_quartz_ore":16,"minecraft:cobblestone":18,"minecraft:oak_planks":17,"minecraft:wall_torch":1,"minecraft:amethyst_block":25,"minecraft:deepslate_copper_ore":23,"minecraft:mud":74,"minecraft:wheat":2,"minecraft:oak_log":102,"minecraft:dirt":68,"minecraft:netherrack":38,"minecraft:ancient_debris":16,"minecraft:oak_leaves":44,"minecraft:deepslate":37,"minecraft:nether_gold_ore":16,"minecraft:deepslate_diamond_ore":42,"minecraft:ladder":4,"minecraft:cobbled_deepslate_slab":2,"minecraft:spruce_leaves":111,"minecraft:moss_block":210,"minecraft:mangrove_propagule":2,"minecraft:redstone_ore":2,"minecraft:spruce_sapling":10,"minecraft:carrots":2,"minecraft:andesite":64,"minecraft:potatoes":9,"minecraft:cobblestone_slab":113,"minecraft:deepslate_iron_ore":43,"minecraft:stone":129,"minecraft:smithing_table":1,"minecraft:oak_slab":219,"minecraft:soul_sand":20,"minecraft:oak_fence":12,"minecraft:crafting_table":6,"minecraft:short_grass":16,"minecraft:andesite_slab":16,"minecraft:tall_grass":11,"minecraft:copper_ore":2,"minecraft:deepslate_coal_ore":39,"minecraft:lapis_ore":4,"minecraft:deepslate_gold_ore":20,"minecraft:sculk":21,"minecraft:diorite":31,"minecraft:coarse_dirt":2,"minecraft:spruce_log":201,"minecraft:coal_ore":4,"minecraft:dripstone_block":58,"minecraft:gold_ore":2,"minecraft:deepslate_emerald_ore":29}},"DataVersion":3953}