{"stats":{"minecraft:killed_by":{"minecraft:zombie_villager":1,"minecraft:zoglin":1,"minecraft:blaze":5,"minecraft:hoglin":5},"minecraft:dropped":{"minecraft:iron_sword":1,"minecraft:lapis_lazuli":9,"minecraft:baked_potato":9,"minecraft:diamond":4,"minecraft:emerald":59,"minecraft:dirt":1,"minecraft:iron_pickaxe":2,"minecraft:gravel":24,"minecraft:ancient_debris":1,"minecraft:spruce_slab":126,"minecraft:water_bucket":1,"minecraft:iron_ingot":4,"minecraft:apple":2,"minecraft:amethyst_block":1,"minecraft:coal":5,"minecraft:pufferfish":1,"minecraft:golden_carrot":2,"minecraft:diamond_helmet":1,"minecraft:iron_leggings":2,"minecraft:iron_axe":1,"minecraft:blaze_rod":1,"minecraft:raw_copper":5,"minecraft:raw_iron":6,"minecraft:iron_chestplate":1,"minecraft:andesite":2,"minecraft:diamond_boots":1,"minecraft:bow":1,"minecraft:stone_pickaxe":1,"minecraft:raw_gold":9},"minecraft:crafted":{"minecraft:oak_planks":852,"minecraft:cobblestone_slab":510,"minecraft:oak_pressure_plate":32,"minecraft:blaze_powder":2,"minecraft:sand":145,"minecraft:potato":4,"minecraft:glass":13,"minecraft:diamond_helmet":2,"minecraft:iron_boots":1,"minecraft:chest":5,"minecraft:stone_hoe":1,"minecraft:ender_eye":4,"minecraft:oak_fence":30,"minecraft:polished_diorite_slab":126,"minecraft:glass_bottle":3,"minecraft:oak_slab":1182,"minecraft:cooked_porkchop":68,"minecraft:diamond_axe":2,"minecraft:crafting_table":3,"minecraft:spruce_planks":1304,"minecraft:wooden_pickaxe":1,"minecraft:gravel":52,"minecraft:baked_potato":43,"minecraft:iron_helmet":1,"minecraft:golden_pickaxe":1,"minecraft:spruce_trapdoor":104,"minecraft:iron_chestplate":4,"minecraft:diamond_pickaxe":1,"minecraft:charcoal":12,"minecraft:shield":4,"minecraft:stick":52,"minecraft:iron_ingot":87,"minecraft:iron_pickaxe":2,"minecraft:gold_ingot":7,"minecraft:composter":1,"minecraft:nether_wart":6,"minecraft:coarse_dirt":48,"minecraft:cobbled_deepslate_slab":24,"minecraft:mangrove_propagule":2,"minecraft:stone_shovel":1,"minecraft:furnace":3,"minecraft:pufferfish_bucket":2,"minecraft:bone_meal":96,"minecraft:oak_trapdoor":18,"minecraft:polished_diorite":64,"minecraft:iron_axe":3,"minecraft:ladder":42,"minecraft:spruce_slab":624,"minecraft:stone_pickaxe":2,"minecraft:diamond_boots":2,"minecraft:diamond_sword":2,"minecraft:iron_sword":2,"minecraft:bucket":1,"minecraft:bone":14,"minecraft:glowstone":4,"minecraft:air":0,"minecraft:raw_gold":3,"minecraft:iron_leggings":2,"minecraft:torch":20,"minecraft:carrot":12},"minecraft:used":{"minecraft:moss_block":129,"minecraft:moss_carpet":3,"minecraft:light_blue_stained_glass_pane":1,"minecraft:spruce_slab":582,"minecraft:ladder":84,"minecraft:chest":5,"minecraft:shield":19,"minecraft:iron_sword":91,"minecraft:rotten_flesh":4,"minecraft:iron_chestplate":2,"minecraft:soul_sand":4,"minecraft:carrot":9,"minecraft:obsidian":10,"minecraft:spruce_boat":1,"minecraft:glass":16,"minecraft:golden_sword":16,"minecraft:bow":14,"minecraft:furnace":3,"minecraft:oak_sapling":6,"minecraft:potato":13,"minecraft:diorite":1,"minecraft:diamond_boots":2,"minecraft:stone_pickaxe":39,"minecraft:oak_planks":67,"minecraft:polished_diorite_slab":58,"minecraft:wooden_pickaxe":13,"minecraft:composter":1,"minecraft:diamond_axe":142,"minecraft:dripstone_block":7,"minecraft:diamond_sword":234,"minecraft:pufferfish_bucket":2,"minecraft:andesite":2,"minecraft:oak_boat":1,"minecraft:coarse_dirt":50,"minecraft:bone_meal":84,"minecraft:golden_pickaxe":31,"minecraft:oak_trapdoor":3,"minecraft:oak_fence":12,"minecraft:stone_shovel":59,"minecraft:spruce_planks":638,"minecraft:wooden_shovel":5,"minecraft:stone_hoe":60,"minecraft:netherrack":21,"minecraft:trial_key":4,"minecraft:torch":42,"minecraft:dirt":107,"minecraft:ancient_debris":1,"minecraft:diamond_helmet":2,"minecraft:granite":8,"minecraft:polished_diorite":20,"minecraft:wooden_axe":37,"minecraft:iron_axe":593,"minecraft:glowstone":4,"minecraft:cooked_beef":1,"minecraft:cobbled_deepslate":1,"minecraft:iron_leggings":3,"minecraft:pointed_dripstone":63,"minecraft:wheat_seeds":5,"minecraft:water_bucket":56,"minecraft:amethyst_block":5,"minecraft:glass_bottle":3,"minecraft:baked_potato":53,"minecraft:cobblestone_slab":1153,"minecraft:oak_slab":1207,"minecraft:crafting_table":9,"minecraft:oak_log":30,"minecraft:mud":16,"minecraft:diamond_pickaxe":945,"minecraft:wind_charge":4,"minecraft:mangrove_propagule":4,"minecraft:iron_pickaxe":100,"minecraft:spruce_trapdoor":132,"minecraft:spruce_sapling":9,"minecraft:cobblestone":21,"minecraft:cobbled_deepslate_slab":24,"minecraft:cooked_porkchop":5,"minecraft:porkchop":2,"minecraft:bucket":58},"minecraft:custom":{"minecraft:interact_with_crafting_table":73,"minecraft:leave_game":2,"minecraft:time_since_death":6531,"minecraft:sprint_one_cm":676866,"minecraft:damage_blocked_by_shield":930,"minecraft:drop":45,"minecraft:talked_to_villager":51,"minecraft:play_time":284299,"minecraft:deaths":16,"minecraft:jump":2279,"minecraft:interact_with_brewingstand":2,"minecraft:walk_on_water_one_cm":12442,"minecraft:interact_with_furnace":91,"minecraft:traded_with_villager":16,"minecraft:damage_dealt":22835,"minecraft:player_kills":1,"minecraft:crouch_one_cm":289128,"minecraft:mob_kills":251,"minecraft:climb_one_cm":23962,"minecraft:walk_one_cm":287697,"minecraft:sneak_time":76734,"minecraft:walk_under_water_one_cm":9247,"minecraft:interact_with_blast_furnace":23,"minecraft:total_world_time":284299,"minecraft:time_since_rest":6556,"minecraft:damage_taken":7471,"minecraft:swim_one_cm":4821,"minecraft:fly_one_cm":447246,"minecraft:open_chest":399,"minecraft:fall_one_cm":52977},"minecraft:picked_up":{"minecraft:iron_chestplate":4,"minecraft:wheat":3,"minecraft:flower_pot":2,"minecraft:diamond_sword":3,"minecraft:golden_sword":4,"minecraft:amethyst_block":21,"minecraft:string":9,"minecraft:raw_copper":95,"minecraft:iron_leggings":7,"minecraft:pufferfish":1,"minecraft:gold_nugget":135,"minecraft:cobbled_deepslate":32,"minecraft:spruce_planks":71,"minecraft:trial_key":4,"minecraft:cobblestone_slab":171,"minecraft:iron_pickaxe":3,"minecraft:iron_boots":1,"minecraft:stick":18,"minecraft:oak_fence":12,"minecraft:torch":14,"minecraft:porkchop":301,"minecraft:pointed_dripstone":82,"minecraft:diorite":32,"minecraft:rotten_flesh":146,"minecraft:blaze_rod":5,"minecraft:obsidian":23,"minecraft:blaze_powder":2,"minecraft:cobblestone":212,"minecraft:polished_diorite_slab":7,"minecraft:feather":1,"minecraft:cooked_beef":5,"minecraft:andesite":31,"minecraft:golden_leggings":1,"minecraft:potato":33,"minecraft:danger_pottery_sherd":3,"minecraft:dirt":334,"minecraft:lapis_lazuli":176,"minecraft:twisting_vines":10,"minecraft:leather_boots":1,"minecraft:glass":3,"minecraft:bone":53,"minecraft:bow":3,"minecraft:wheat_seeds":15,"minecraft:raw_gold":30,"minecraft:diamond_helmet":1,"minecraft:glowstone_dust":38,"minecraft:moss_block":118,"minecraft:oak_planks":148,"minecraft:cooked_porkchop":76,"minecraft:diamond":45,"minecraft:granite":36,"minecraft:bone_meal":55,"minecraft:emerald":90,"minecraft:oak_sapling":17,"minecraft:netherrack":58,"minecraft:diamond_pickaxe":3,"minecraft:mud":85,"minecraft:crafting_table":6,"minecraft:coarse_dirt":2,"minecraft:ominous_bottle":1,"minecraft:ladder":111,"minecraft:clay_ball":72,"minecraft:golden_pickaxe":1,"minecraft:brown_mushroom":2,"minecraft:shield":6,"minecraft:brick":1,"minecraft:wind_charge":4,"minecraft:blackstone":14,"minecraft:beef":1,"minecraft:oak_boat":1,"minecraft:spruce_slab":85,"minecraft:spruce_trapdoor":50,"minecraft:raw_iron":56,"minecraft:carrot":21,"minecraft:redstone":90,"minecraft:arrow":59,"minecraft:light_blue_stained_glass_pane":1,"minecraft:diamond_boots":3,"minecraft:gold_ingot":2,"minecraft:golden_carrot":4,"minecraft:leather":52,"minecraft:oak_log":175,"minecraft:ancient_debris":18,"minecraft:golden_boots":1,"minecraft:gunpowder":102,"minecraft:apple":3,"minecraft:iron_ingot":12,"minecraft:cooked_chicken":1,"minecraft:iron_sword":3,"minecraft:soul_sand":28,"minecraft:oak_slab":109,"minecraft:quartz":19,"minecraft:dripstone_block":68,"minecraft:spruce_sapling":26,"minecraft:spruce_log":263,"minecraft:spider_eye":7,"minecraft:diamond_shovel":1,"minecraft:pumpkin_seeds":1,"minecraft:slime_ball":2,"minecraft:polished_diorite":49,"minecraft:diamond_axe":2,"minecraft:warped_roots":17,"minecraft:baked_potato":16,"minecraft:coal":53,"minecraft:mangrove_propagule":2,"minecraft:ender_pearl":2},"minecraft:killed":{"minecraft:spider":6,"minecraft:pufferfish":2,"minecraft:skeleton":42,"minecraft:magma_cube":1,"minecraft:piglin":1,"minecraft:zombie_villager":1,"minecraft:creeper":49,"minecraft:zombie":62,"minecraft:blaze":6,"minecraft:zoglin":4,"minecraft:phantom":1,"minecraft:hoglin":39,"minecraft:enderman":1},"minecraft:broken":{"minecraft:wooden_shovel":1,"minecraft:iron_axe":2,"minecraft:golden_pickaxe":1},"minecraft:mined":{"minecraft:spruce_planks":103,"minecraft:oak_sapling":2,"minecraft:farmland":5,"minecraft:obsidian":14,"minecraft:spruce_trapdoor":50,"minecraft:granite":29,"minecraft:grass_block":127,"minecraft:oxeye_daisy":1,"minecraft:glowstone":15,"minecraft:iron_ore":4,"minecraft:cobbled_deepslate":3,"minecraft:fire":8,"minecraft:deepslate_lapis_ore":22,"minecraft:azure_bluet":1,"minecraft:pointed_dripstone":3,"minecraft:dirt_path":15,"minecraft:spruce_slab":76,"minecraft:deepslate_redstone_ore":24,"minecraft:blackstone":16,"minecraft:clay":11,"minecraft:torch":10,"minecraft:glass":2,"minecraft:nether_quartz_ore":15,"minecraft:cobblestone":11,"minecraft:oak_planks":7,"minecraft:wall_torch":1,"minecraft:amethyst_block":21,"minecraft:deepslate_copper_ore":18,"minecraft:mud":63,"minecraft:wheat":2,"minecraft:oak_log":100,"minecraft:dirt":68,"minecraft:netherrack":36,"minecraft:ancient_debris":16,"minecraft:oak_leaves":41,"minecraft:deepslate":27,"minecraft:nether_gold_ore":14,"minecraft:deepslate_diamond_ore":36,"minecraft:ladder":4,"minecraft:cobbled_deepslate_slab":2,"minecraft:spruce_leaves":107,"minecraft:moss_block":82,"minecraft:mangrove_propagule":2,"minecraft:redstone_ore":2,"minecraft:spruce_sapling":10,"minecraft:carrots":2,"minecraft:andesite":22,"minecraft:potatoes":9,"minecraft:cobblestone_slab":105,"minecraft:deepslate_iron_ore":35,"minecraft:stone":114,"minecraft:oak_slab":175,"minecraft:soul_sand":17,"minecraft:oak_fence":12,"minecraft:crafting_table":6,"minecraft:short_grass":16,"minecraft:tall_grass":11,"minecraft:copper_ore":2,"minecraft:deepslate_coal_ore":29,"minecraft:lapis_ore":4,"minecraft:deepslate_gold_ore":18,"minecraft:sculk":18,"minecraft:diorite":23,"minecraft:coarse_dirt":2,"minecraft:spruce_log":201,"minecraft:coal_ore":4,"minecraft:dripstone_block":46,"minecraft:gold_ore":2,"minecraft:deepslate_emerald_ore":27}},"DataVersion":3953}