{"stats":{"minecraft:killed_by":{"minecraft:zombie_villager":1,"minecraft:zombified_piglin":1,"minecraft:zoglin":1,"minecraft:blaze":6,"minecraft:spider":1,"minecraft:hoglin":5},"minecraft:dropped":{"minecraft:iron_sword":1,"minecraft:lapis_lazuli":9,"minecraft:baked_potato":9,"minecraft:diamond":4,"minecraft:emerald":59,"minecraft:dirt":1,"minecraft:iron_pickaxe":2,"minecraft:gravel":24,"minecraft:ancient_debris":1,"minecraft:spruce_slab":126,"minecraft:water_bucket":1,"minecraft:iron_ingot":4,"minecraft:apple":2,"minecraft:amethyst_block":1,"minecraft:coal":5,"minecraft:pufferfish":1,"minecraft:golden_carrot":2,"minecraft:diamond_helmet":1,"minecraft:iron_leggings":2,"minecraft:iron_axe":1,"minecraft:blaze_rod":1,"minecraft:raw_copper":5,"minecraft:raw_iron":6,"minecraft:diamond_sword":1,"minecraft:iron_chestplate":1,"minecraft:andesite":2,"minecraft:diamond_boots":1,"minecraft:bow":1,"minecraft:stone_pickaxe":1,"minecraft:raw_gold":9},"minecraft:crafted":{"minecraft:oak_planks":864,"minecraft:cobblestone_slab":510,"minecraft:oak_pressure_plate":32,"minecraft:blaze_powder":2,"minecraft:sand":145,"minecraft:potato":4,"minecraft:glass":13,"minecraft:diamond_helmet":2,"minecraft:iron_boots":1,"minecraft:chest":5,"minecraft:stone_hoe":1,"minecraft:ender_eye":4,"minecraft:oak_fence":30,"minecraft:polished_diorite_slab":126,"minecraft:glass_bottle":3,"minecraft:oak_slab":1182,"minecraft:cooked_porkchop":68,"minecraft:diamond_axe":2,"minecraft:crafting_table":3,"minecraft:spruce_planks":1304,"minecraft:wooden_pickaxe":1,"minecraft:gravel":52,"minecraft:baked_potato":43,"minecraft:iron_helmet":1,"minecraft:golden_pickaxe":1,"minecraft:spruce_trapdoor":104,"minecraft:iron_chestplate":4,"minecraft:diamond_pickaxe":1,"minecraft:charcoal":12,"minecraft:shield":4,"minecraft:stick":56,"minecraft:iron_ingot":87,"minecraft:iron_pickaxe":2,"minecraft:gold_ingot":7,"minecraft:composter":1,"minecraft:nether_wart":6,"minecraft:coarse_dirt":48,"minecraft:cobbled_deepslate_slab":24,"minecraft:mangrove_propagule":2,"minecraft:stone_shovel":1,"minecraft:fishing_rod":1,"minecraft:furnace":3,"minecraft:pufferfish_bucket":2,"minecraft:bone_meal":96,"minecraft:oak_trapdoor":18,"minecraft:polished_diorite":64,"minecraft:iron_axe":3,"minecraft:ladder":42,"minecraft:spruce_slab":624,"minecraft:stone_pickaxe":4,"minecraft:diamond_boots":2,"minecraft:diamond_sword":2,"minecraft:iron_sword":2,"minecraft:bucket":1,"minecraft:bone":14,"minecraft:glowstone":4,"minecraft:air":0,"minecraft:raw_gold":3,"minecraft:iron_leggings":2,"minecraft:torch":20,"minecraft:carrot":12},"minecraft:used":{"minecraft:moss_block":173,"minecraft:moss_carpet":3,"minecraft:light_blue_stained_glass_pane":1,"minecraft:spruce_slab":582,"minecraft:ladder":84,"minecraft:chest":5,"minecraft:shield":19,"minecraft:iron_sword":91,"minecraft:rotten_flesh":4,"minecraft:iron_chestplate":2,"minecraft:soul_sand":4,"minecraft:carrot":9,"minecraft:obsidian":10,"minecraft:spruce_boat":1,"minecraft:glass":16,"minecraft:golden_sword":18,"minecraft:bow":23,"minecraft:furnace":3,"minecraft:oak_sapling":6,"minecraft:potato":13,"minecraft:diorite":7,"minecraft:diamond_boots":2,"minecraft:stone_pickaxe":63,"minecraft:oak_planks":120,"minecraft:polished_diorite_slab":112,"minecraft:wooden_pickaxe":13,"minecraft:composter":1,"minecraft:diamond_axe":143,"minecraft:dripstone_block":48,"minecraft:diamond_sword":261,"minecraft:pufferfish_bucket":2,"minecraft:andesite":11,"minecraft:oak_boat":1,"minecraft:coarse_dirt":50,"minecraft:bone_meal":84,"minecraft:golden_pickaxe":31,"minecraft:oak_trapdoor":3,"minecraft:oak_fence":12,"minecraft:stone_shovel":59,"minecraft:spruce_planks":638,"minecraft:wooden_shovel":5,"minecraft:stone_hoe":60,"minecraft:netherrack":21,"minecraft:trial_key":4,"minecraft:torch":42,"minecraft:dirt":107,"minecraft:ancient_debris":1,"minecraft:diamond_helmet":2,"minecraft:granite":20,"minecraft:polished_diorite":20,"minecraft:wooden_axe":37,"minecraft:iron_axe":593,"minecraft:iron_boots":1,"minecraft:glowstone":4,"minecraft:cooked_beef":1,"minecraft:cobbled_deepslate":44,"minecraft:iron_leggings":3,"minecraft:pointed_dripstone":67,"minecraft:wheat_seeds":5,"minecraft:water_bucket":56,"minecraft:amethyst_block":5,"minecraft:glass_bottle":3,"minecraft:baked_potato":53,"minecraft:cobblestone_slab":1153,"minecraft:oak_slab":1207,"minecraft:crafting_table":9,"minecraft:oak_log":31,"minecraft:mud":16,"minecraft:diamond_pickaxe":945,"minecraft:wind_charge":4,"minecraft:mangrove_propagule":4,"minecraft:iron_pickaxe":100,"minecraft:spruce_trapdoor":133,"minecraft:spruce_sapling":9,"minecraft:fishing_rod":4,"minecraft:cobblestone":21,"minecraft:cobbled_deepslate_slab":24,"minecraft:cooked_porkchop":13,"minecraft:porkchop":3,"minecraft:bucket":58},"minecraft:custom":{"minecraft:interact_with_crafting_table":75,"minecraft:leave_game":2,"minecraft:time_since_death":2498,"minecraft:sprint_one_cm":726012,"minecraft:damage_blocked_by_shield":930,"minecraft:drop":46,"minecraft:talked_to_villager":51,"minecraft:play_time":308299,"minecraft:deaths":19,"minecraft:jump":2524,"minecraft:interact_with_brewingstand":2,"minecraft:walk_on_water_one_cm":12442,"minecraft:interact_with_furnace":97,"minecraft:traded_with_villager":16,"minecraft:damage_dealt":24528,"minecraft:player_kills":1,"minecraft:crouch_one_cm":334178,"minecraft:mob_kills":267,"minecraft:climb_one_cm":23962,"minecraft:walk_one_cm":301583,"minecraft:sneak_time":80545,"minecraft:walk_under_water_one_cm":9247,"minecraft:interact_with_blast_furnace":24,"minecraft:total_world_time":308299,"minecraft:time_since_rest":2522,"minecraft:damage_taken":9100,"minecraft:swim_one_cm":4821,"minecraft:fly_one_cm":489402,"minecraft:open_chest":433,"minecraft:fish_caught":1,"minecraft:fall_one_cm":60376},"minecraft:picked_up":{"minecraft:iron_chestplate":4,"minecraft:wheat":3,"minecraft:flower_pot":2,"minecraft:diamond_sword":7,"minecraft:golden_sword":4,"minecraft:amethyst_block":21,"minecraft:string":19,"minecraft:raw_copper":95,"minecraft:iron_leggings":7,"minecraft:pufferfish":1,"minecraft:gold_nugget":140,"minecraft:cobbled_deepslate":82,"minecraft:spruce_planks":79,"minecraft:trial_key":4,"minecraft:cobblestone_slab":174,"minecraft:iron_pickaxe":3,"minecraft:iron_boots":4,"minecraft:stick":24,"minecraft:oak_fence":12,"minecraft:torch":17,"minecraft:porkchop":317,"minecraft:pointed_dripstone":84,"minecraft:diorite":33,"minecraft:rotten_flesh":176,"minecraft:blaze_rod":8,"minecraft:obsidian":23,"minecraft:cod":1,"minecraft:blaze_powder":2,"minecraft:cobblestone":214,"minecraft:polished_diorite_slab":125,"minecraft:feather":1,"minecraft:cooked_beef":5,"minecraft:andesite":40,"minecraft:golden_leggings":1,"minecraft:potato":33,"minecraft:danger_pottery_sherd":3,"minecraft:dirt":334,"minecraft:lapis_lazuli":176,"minecraft:twisting_vines":10,"minecraft:leather_boots":1,"minecraft:glass":3,"minecraft:bone":72,"minecraft:bow":6,"minecraft:wheat_seeds":15,"minecraft:raw_gold":30,"minecraft:diamond_helmet":4,"minecraft:glowstone_dust":38,"minecraft:moss_block":207,"minecraft:oak_planks":268,"minecraft:cooked_porkchop":206,"minecraft:diamond":45,"minecraft:granite":40,"minecraft:bone_meal":99,"minecraft:emerald":90,"minecraft:oak_sapling":17,"minecraft:netherrack":66,"minecraft:fishing_rod":1,"minecraft:diamond_pickaxe":3,"minecraft:mud":124,"minecraft:crafting_table":6,"minecraft:coarse_dirt":2,"minecraft:ominous_bottle":1,"minecraft:ladder":111,"minecraft:clay_ball":72,"minecraft:golden_pickaxe":1,"minecraft:brown_mushroom":2,"minecraft:shield":6,"minecraft:brick":1,"minecraft:wind_charge":4,"minecraft:blackstone":14,"minecraft:beef":1,"minecraft:oak_boat":1,"minecraft:spruce_slab":114,"minecraft:spruce_trapdoor":139,"minecraft:raw_iron":56,"minecraft:carrot":21,"minecraft:redstone":90,"minecraft:arrow":79,"minecraft:light_blue_stained_glass_pane":1,"minecraft:diamond_boots":3,"minecraft:gold_ingot":2,"minecraft:golden_carrot":7,"minecraft:leather":52,"minecraft:oak_log":179,"minecraft:ancient_debris":18,"minecraft:golden_boots":1,"minecraft:gunpowder":160,"minecraft:apple":3,"minecraft:iron_ingot":12,"minecraft:stone_pickaxe":1,"minecraft:cooked_chicken":1,"minecraft:iron_sword":3,"minecraft:soul_sand":28,"minecraft:oak_slab":118,"minecraft:quartz":19,"minecraft:dripstone_block":195,"minecraft:spruce_sapling":26,"minecraft:spruce_log":263,"minecraft:spider_eye":10,"minecraft:diamond_shovel":1,"minecraft:pumpkin_seeds":1,"minecraft:slime_ball":6,"minecraft:polished_diorite":52,"minecraft:diamond_axe":2,"minecraft:warped_roots":20,"minecraft:baked_potato":16,"minecraft:coal":53,"minecraft:mangrove_propagule":2,"minecraft:ender_pearl":2},"minecraft:killed":{"minecraft:spider":9,"minecraft:pufferfish":2,"minecraft:skeleton":42,"minecraft:magma_cube":1,"minecraft:piglin":1,"minecraft:zombie_villager":1,"minecraft:creeper":60,"minecraft:zombie":62,"minecraft:blaze":8,"minecraft:zoglin":4,"minecraft:phantom":1,"minecraft:hoglin":39,"minecraft:enderman":1},"minecraft:broken":{"minecraft:wooden_shovel":1,"minecraft:golden_sword":1,"minecraft:iron_axe":2,"minecraft:golden_pickaxe":1},"minecraft:mined":{"minecraft:spruce_planks":104,"minecraft:oak_sapling":2,"minecraft:farmland":5,"minecraft:obsidian":14,"minecraft:spruce_trapdoor":50,"minecraft:granite":32,"minecraft:grass_block":127,"minecraft:oxeye_daisy":1,"minecraft:glowstone":15,"minecraft:iron_ore":4,"minecraft:cobbled_deepslate":11,"minecraft:fire":9,"minecraft:deepslate_lapis_ore":22,"minecraft:azure_bluet":1,"minecraft:pointed_dripstone":7,"minecraft:dirt_path":15,"minecraft:spruce_slab":76,"minecraft:deepslate_redstone_ore":24,"minecraft:blackstone":16,"minecraft:clay":11,"minecraft:torch":10,"minecraft:polished_diorite_slab":4,"minecraft:glass":2,"minecraft:nether_quartz_ore":15,"minecraft:cobblestone":11,"minecraft:oak_planks":11,"minecraft:wall_torch":1,"minecraft:amethyst_block":21,"minecraft:deepslate_copper_ore":18,"minecraft:mud":63,"minecraft:wheat":2,"minecraft:oak_log":100,"minecraft:dirt":68,"minecraft:netherrack":36,"minecraft:ancient_debris":16,"minecraft:oak_leaves":41,"minecraft:deepslate":27,"minecraft:nether_gold_ore":14,"minecraft:deepslate_diamond_ore":36,"minecraft:ladder":4,"minecraft:cobbled_deepslate_slab":2,"minecraft:spruce_leaves":107,"minecraft:moss_block":126,"minecraft:mangrove_propagule":2,"minecraft:redstone_ore":2,"minecraft:spruce_sapling":10,"minecraft:carrots":2,"minecraft:andesite":22,"minecraft:potatoes":9,"minecraft:cobblestone_slab":105,"minecraft:deepslate_iron_ore":35,"minecraft:stone":114,"minecraft:oak_slab":175,"minecraft:soul_sand":17,"minecraft:oak_fence":12,"minecraft:crafting_table":6,"minecraft:short_grass":16,"minecraft:tall_grass":11,"minecraft:copper_ore":2,"minecraft:deepslate_coal_ore":29,"minecraft:lapis_ore":4,"minecraft:deepslate_gold_ore":18,"minecraft:sculk":18,"minecraft:diorite":24,"minecraft:coarse_dirt":2,"minecraft:spruce_log":201,"minecraft:coal_ore":4,"minecraft:dripstone_block":49,"minecraft:gold_ore":2,"minecraft:deepslate_emerald_ore":27}},"DataVersion":3953}