{"stats":{"minecraft:custom":{"minecraft:time_since_rest":2232,"minecraft:crouch_one_cm":100,"minecraft:play_time":6781,"minecraft:sprint_one_cm":21288,"minecraft:walk_one_cm":39546,"minecraft:damage_taken":315,"minecraft:deaths":1,"minecraft:sneak_time":31,"minecraft:walk_under_water_one_cm":677,"minecraft:mob_kills":1,"minecraft:jump":124,"minecraft:damage_dealt":297,"minecraft:time_since_death":2197,"minecraft:walk_on_water_one_cm":626,"minecraft:total_world_time":6781,"minecraft:fall_one_cm":2142,"minecraft:fly_one_cm":18593},"minecraft:picked_up":{"minecraft:spruce_log":3,"minecraft:dirt":2},"minecraft:mined":{"minecraft:grass_block":1,"minecraft:dirt":2,"minecraft:packed_ice":9,"minecraft:spruce_log":4,"minecraft:powder_snow":3},"minecraft:killed":{"minecraft:pig":1},"minecraft:used":{"minecraft:dirt":2}},"DataVersion":3953}