{"stats":{"minecraft:used":{"minecraft:moss_block":6,"minecraft:wooden_axe":5,"minecraft:stone_shovel":19,"minecraft:stone_pickaxe":18,"minecraft:wooden_pickaxe":6,"minecraft:wooden_shovel":54,"minecraft:stone_axe":5,"minecraft:dirt":27,"minecraft:crafting_table":1},"minecraft:picked_up":{"minecraft:mud":19,"minecraft:stick":1,"minecraft:crafting_table":1,"minecraft:oak_log":25,"minecraft:dirt":50,"minecraft:moss_block":17,"minecraft:cobblestone":24},"minecraft:dropped":{"minecraft:dirt":15,"minecraft:oak_log":6},"minecraft:custom":{"minecraft:time_since_rest":14131,"minecraft:sprint_one_cm":440,"minecraft:damage_taken":250,"minecraft:walk_one_cm":22106,"minecraft:drop":2,"minecraft:talked_to_villager":6,"minecraft:interact_with_crafting_table":4,"minecraft:fly_one_cm":111,"minecraft:open_chest":6,"minecraft:crouch_one_cm":3806,"minecraft:play_time":14499,"minecraft:deaths":1,"minecraft:sneak_time":1122,"minecraft:jump":7,"minecraft:leave_game":2,"minecraft:time_since_death":9393,"minecraft:total_world_time":14499,"minecraft:fall_one_cm":209},"minecraft:mined":{"minecraft:mud":11,"minecraft:grass_block":57,"minecraft:oak_log":21,"minecraft:dirt":2,"minecraft:spruce_leaves":9,"minecraft:stone":16,"minecraft:moss_block":33,"minecraft:oak_leaves":11},"minecraft:crafted":{"minecraft:oak_planks":20,"minecraft:wooden_shovel":1,"minecraft:stone_shovel":1,"minecraft:crafting_table":1,"minecraft:stick":12,"minecraft:wooden_pickaxe":1,"minecraft:stone_pickaxe":1,"minecraft:wooden_axe":1,"minecraft:stone_axe":1}},"DataVersion":3953}